Alcohol,Malic_Acid,Ash,Ash_Alcanity,Magnesium,Total_Phenols,Flavanoids,Nonflavanoid_Phenols,Proanthocyanins,Color_Intensity,Hue,OD280,Proline
14.23,1.72,2.43,15.61,127.01,2.79,3.05,0.29,2.29,5.63,1.05,3.92,1065.0
13.19,1.78,2.15,11.19,100.01,2.67,2.76,0.24,1.3,4.37,1.06,3.39,1050.0
13.18,2.35,2.68,18.62,101.02,2.8,3.25,0.28,2.8,5.7,1.04,3.18,1185.0
14.37,1.96,2.51,16.82,112.99,3.85,3.48,0.25,2.19,7.79,0.85,3.43,1480.0
13.23,2.6,2.88,21.02,118.0,2.78,2.69,0.38,1.83,4.32,1.03,2.92,735.0
14.2,1.76,2.46,15.2,112.02,3.26,3.39,0.34,1.97,6.75,1.05,2.84,1450.0
14.4,1.88,2.46,14.6,95.99,2.49,2.51,0.3,1.97,5.25,1.03,3.58,1289.99
14.05,2.15,2.59,17.6,121.01,2.6,2.53,0.29,1.25,5.07,1.05,3.58,1295.01
14.82,1.64,2.18,14.01,97.0,2.79,2.98,0.3,1.98,5.21,1.07,2.86,1045.01
13.85,1.37,2.26,15.99,98.0,2.98,3.15,0.22,1.85,7.23,1.01,3.54,1045.0
14.09,2.18,2.3,18.01,105.02,2.96,3.33,0.23,2.39,5.75,1.24,3.18,1510.01
14.14,1.49,2.33,16.79,94.99,2.2,2.43,0.27,1.56,5.0,1.16,2.82,1279.99
13.76,1.73,2.41,15.99,89.0,2.6,2.76,0.3,1.8,5.62,1.16,2.89,1319.99
14.75,1.74,2.39,11.4,90.99,3.09,3.71,0.43,2.8,5.39,1.26,2.71,1150.02
14.37,1.87,2.39,12.02,101.99,3.28,3.65,0.29,2.98,7.51,1.23,2.99,1547.0
13.62,1.82,2.69,17.2,111.99,2.83,2.92,0.29,1.46,7.31,1.28,2.88,1310.0
14.3,1.92,2.7,20.0,120.0,2.8,3.15,0.33,1.98,6.19,1.09,2.66,1280.01
13.82,1.56,2.62,20.01,114.99,2.93,3.4,0.41,1.72,6.61,1.14,2.57,1130.03
14.2,1.59,2.47,16.5,108.0,3.29,3.92,0.33,1.87,8.71,1.24,2.83,1680.0
13.63,3.08,2.56,15.21,115.99,2.7,3.05,0.16,1.66,5.1,0.96,3.34,845.0
14.05,1.62,2.29,16.0,126.0,3.0,3.16,0.25,2.09,5.66,1.07,3.71,780.02
12.94,3.78,2.65,18.59,101.99,2.41,2.41,0.26,1.97,4.49,1.04,3.52,770.0
13.7,1.86,2.37,16.58,101.01,2.61,2.89,0.27,1.68,3.8,1.11,4.0,1035.0
12.86,1.59,2.52,17.81,95.0,2.48,2.38,0.27,1.46,3.91,1.1,3.63,1015.01
13.5,1.81,2.62,20.0,95.98,2.55,2.61,0.29,1.65,3.54,1.13,3.85,844.99
13.04,2.04,3.24,25.0,124.0,2.65,2.68,0.47,1.91,3.59,1.12,3.19,830.02
13.39,1.78,2.6,16.09,93.01,2.87,2.95,0.34,1.45,4.8,0.92,3.22,1194.99
13.29,1.72,2.15,17.0,94.01,2.38,2.2,0.28,1.35,3.96,1.02,2.76,1285.01
13.88,1.92,2.8,19.41,107.0,2.94,2.96,0.37,1.77,4.51,1.25,3.4,915.01
14.01,1.68,2.2,16.01,96.0,2.66,2.34,0.26,1.99,4.7,1.05,3.59,1034.98
13.72,1.5,2.7,22.5,100.99,2.99,3.25,0.29,2.39,5.71,1.2,2.72,1284.99
13.59,1.67,2.35,19.1,106.0,2.85,3.19,0.22,1.96,6.89,1.1,2.89,1514.98
13.68,1.84,2.36,17.19,104.0,2.41,2.69,0.4,1.97,3.83,1.23,2.87,990.01
13.75,1.53,2.7,19.51,132.01,2.95,2.76,0.51,1.34,5.39,1.25,2.99,1235.01
13.52,1.81,2.66,19.01,109.99,2.34,2.52,0.3,1.56,4.2,1.1,2.87,1095.01
13.48,1.81,2.4,20.5,100.01,2.7,2.97,0.28,1.86,5.09,1.03,3.48,920.0
13.27,1.65,2.84,15.49,110.0,2.58,2.68,0.33,1.38,4.6,1.1,2.77,880.01
13.05,1.66,2.55,18.0,98.01,2.46,2.43,0.29,1.43,4.25,1.13,2.51,1105.01
13.09,1.52,2.09,15.5,97.99,2.4,2.64,0.29,1.38,3.69,1.16,2.68,1020.0
14.22,3.97,2.49,13.2,128.0,2.99,3.03,0.22,2.06,5.09,0.89,3.53,760.01
13.55,1.7,2.3,16.19,117.0,3.15,3.29,0.35,2.33,6.12,0.94,3.37,795.0
13.41,3.83,2.11,18.79,90.0,2.44,2.66,0.27,1.48,4.27,0.9,3.0,1035.01
13.88,1.91,2.58,15.01,101.0,3.26,3.55,0.17,1.7,5.43,0.9,3.57,1095.0
13.25,4.01,2.3,17.5,102.99,2.65,2.62,0.33,1.66,4.37,0.82,3.0,680.0
13.06,1.78,2.11,16.99,107.0,3.01,3.01,0.28,2.04,5.05,0.87,3.34,885.01
14.2,4.03,2.43,18.91,111.0,2.84,2.66,0.3,1.26,5.25,0.85,3.32,1079.99
14.39,3.6,2.27,16.01,101.99,3.25,3.16,0.26,2.19,4.9,1.04,3.43,1065.0
13.91,1.68,2.13,16.01,101.0,3.09,3.38,0.2,2.13,6.08,0.92,3.33,985.0
14.11,2.01,2.39,18.8,103.01,2.76,2.9,0.32,2.37,6.21,1.07,2.74,1059.99
13.93,1.74,2.28,17.41,108.01,2.86,3.54,0.34,2.1,8.89,1.13,3.09,1260.0
13.05,1.72,2.05,12.4,91.99,2.72,3.29,0.17,2.91,7.21,1.13,2.9,1149.99
13.81,1.67,2.6,17.2,93.98,2.45,2.99,0.22,2.28,5.61,1.24,3.37,1265.02
13.81,1.75,2.45,14.01,111.01,3.86,3.76,0.33,1.89,7.06,0.99,3.25,1189.97
13.76,1.91,2.69,17.1,114.99,2.99,2.78,0.38,1.67,6.31,1.13,2.94,1375.0
13.74,1.66,2.24,16.39,117.99,2.59,2.89,0.21,1.62,5.83,0.92,3.19,1060.0
13.56,1.72,2.46,20.49,116.01,2.94,2.78,0.19,2.45,6.23,0.98,3.04,1119.99
14.21,1.7,2.29,16.29,118.01,3.19,3.02,0.26,2.04,6.38,0.93,3.3,970.0
13.29,1.97,2.68,16.8,102.0,3.0,3.22,0.3,1.66,6.0,1.07,2.84,1269.99
13.72,1.43,2.52,16.7,107.99,3.39,3.69,0.17,2.05,6.8,0.89,2.87,1284.99
12.38,0.93,1.35,10.59,88.0,2.01,0.58,0.26,0.42,1.96,1.04,1.82,519.99
12.31,1.11,2.27,16.01,101.0,2.05,1.1,0.63,0.41,3.29,1.23,1.67,680.0
12.64,1.35,2.01,16.8,100.01,2.01,1.42,0.53,0.63,5.74,0.99,1.59,450.01
13.67,1.25,1.91,18.01,93.99,2.09,1.78,0.34,0.73,3.79,1.23,2.47,630.0
12.35,1.13,2.15,19.0,86.99,3.49,3.09,0.2,1.86,4.45,1.24,2.87,420.01
12.17,1.46,2.52,19.0,103.99,1.9,1.76,0.43,1.04,2.93,1.46,2.23,354.99
12.37,1.2,2.57,18.1,97.98,2.41,2.65,0.36,2.08,4.63,1.21,2.31,678.0
13.1,1.03,1.69,14.99,77.99,2.96,3.18,0.27,2.28,5.29,1.14,3.17,502.0
12.36,1.16,1.92,19.61,77.99,2.11,2.0,0.27,1.06,4.66,1.11,3.49,510.0
13.34,0.95,2.35,16.99,110.0,2.51,1.29,0.54,0.43,3.17,1.01,1.93,750.0
12.23,1.21,1.75,16.79,150.98,1.85,1.27,0.14,2.48,2.87,1.29,3.07,717.98
12.29,1.62,2.2,20.4,103.0,1.1,1.03,0.37,1.47,3.05,0.91,1.82,870.02
13.86,1.51,2.68,24.98,85.98,2.95,2.86,0.2,1.86,3.39,1.36,3.16,410.0
13.49,1.66,2.26,24.0,87.0,1.87,1.84,0.29,1.03,3.76,0.98,2.78,471.99
12.98,1.67,2.59,30.0,139.0,3.3,2.89,0.2,1.97,3.34,1.31,3.5,984.99
11.95,1.09,2.29,21.0,101.0,3.37,2.13,0.12,1.66,3.2,0.99,3.13,885.99
11.67,1.88,1.92,16.01,97.0,1.62,1.58,0.35,1.15,3.81,1.23,2.14,428.0
13.03,0.91,1.72,15.99,86.0,1.95,2.02,0.22,1.46,4.62,1.2,2.47,392.03
11.85,2.9,2.24,18.0,111.99,1.71,1.32,0.43,0.95,2.67,0.93,2.49,499.98
12.31,0.97,1.95,14.8,135.99,1.89,1.85,0.37,2.76,3.4,1.05,2.3,750.0
12.7,3.87,2.4,23.02,100.99,2.83,2.55,0.41,1.95,2.58,1.2,3.13,463.02
12.02,0.92,2.01,19.0,85.99,2.42,2.27,0.31,1.43,2.51,1.39,3.13,278.01
12.74,1.8,2.19,18.8,86.01,2.21,2.52,0.25,1.76,3.91,1.15,3.14,714.0
12.08,1.14,2.51,23.99,77.99,2.0,1.58,0.41,1.41,2.21,1.3,2.73,630.0
13.05,3.88,2.34,22.49,85.0,1.64,1.6,0.61,1.62,4.8,0.83,2.02,515.0
11.83,0.91,2.59,17.98,94.0,2.22,2.2,0.22,2.35,3.05,0.8,3.08,519.97
12.67,0.97,2.24,18.0,99.0,2.19,1.95,0.32,1.46,2.62,1.23,3.17,450.0
12.16,1.6,2.3,22.79,89.99,1.78,1.68,0.43,1.57,2.45,1.35,2.24,495.02
11.66,1.66,2.62,26.01,88.0,1.9,1.62,0.39,1.35,2.6,1.36,3.2,562.01
11.66,2.07,2.46,21.6,84.0,1.94,1.7,0.48,1.35,2.8,1.01,2.75,680.0
12.07,1.33,2.29,23.59,70.01,2.2,1.59,0.41,1.4,1.73,1.07,3.19,625.0
12.1,1.81,2.32,18.5,81.0,1.58,1.49,0.52,1.63,2.4,1.08,2.27,480.0
12.0,1.51,2.43,22.0,85.99,1.45,1.26,0.48,1.61,3.6,1.05,2.65,450.01
12.68,1.54,2.26,20.69,79.99,1.36,1.46,0.59,1.62,3.06,0.96,2.05,494.99
12.28,2.83,2.24,17.99,87.99,2.46,2.25,0.25,2.0,2.15,1.15,3.31,289.99
11.64,1.99,2.29,18.0,98.0,3.02,2.27,0.16,1.36,3.24,1.17,2.96,345.0
12.45,1.53,2.18,19.02,162.0,2.5,2.28,0.32,3.29,2.6,1.14,2.63,937.0
11.8,2.12,2.73,21.51,134.0,1.6,0.99,0.14,1.57,2.52,0.95,2.28,625.0
12.29,1.41,1.98,16.0,85.0,2.56,2.5,0.28,1.78,2.9,1.22,2.73,428.0
12.36,1.06,2.11,18.49,88.02,3.52,3.77,0.27,1.95,4.51,1.02,2.78,660.0
12.28,3.18,2.21,18.01,88.01,2.84,2.99,0.46,2.8,2.3,1.43,2.83,406.01
12.07,2.08,1.72,17.51,97.02,2.21,2.18,0.25,1.39,3.29,1.27,2.96,710.0
12.6,1.34,1.91,18.49,88.0,1.45,1.39,0.28,1.34,2.46,1.04,2.77,562.02
12.33,2.47,2.46,21.0,98.0,2.58,2.11,0.36,1.29,2.77,0.8,3.37,437.99
11.81,1.7,1.9,19.51,85.99,2.51,1.64,0.37,1.41,2.08,0.93,2.45,414.99
12.52,1.72,1.99,20.5,85.01,2.2,1.91,0.32,1.48,2.96,1.05,3.57,671.99
12.42,2.56,2.27,22.02,90.01,1.67,1.83,0.65,1.42,2.71,0.87,3.29,314.99
12.25,1.71,2.13,19.01,80.0,1.66,2.03,0.37,1.63,3.41,1.01,3.17,509.99
12.72,1.76,2.29,22.51,83.99,1.38,1.76,0.48,1.64,3.31,0.87,2.42,488.0
12.22,1.27,1.95,19.0,91.99,2.36,2.04,0.38,2.08,2.69,0.87,3.04,311.99
11.62,1.35,2.7,20.01,93.99,2.74,2.9,0.29,2.48,2.67,0.97,3.24,679.98
11.46,3.73,1.8,19.5,107.01,3.16,2.58,0.24,3.59,2.9,0.73,2.8,562.01
12.53,2.43,2.18,21.01,88.01,2.56,2.26,0.26,1.22,1.99,0.91,2.76,324.99
11.76,2.68,2.91,19.99,103.01,1.74,2.04,0.6,1.05,3.79,1.22,2.5,606.99
11.41,0.74,2.49,21.0,88.0,2.48,2.02,0.44,1.46,3.09,1.09,2.31,433.99
12.07,1.38,2.51,22.51,84.03,2.55,2.29,0.43,1.05,2.9,0.92,3.19,385.02
11.04,1.51,2.2,21.49,85.01,2.46,2.17,0.53,2.0,1.89,1.7,2.88,406.98
11.82,1.47,1.99,20.82,86.01,2.0,1.61,0.3,1.53,1.97,0.95,3.32,495.0
12.43,1.63,2.2,22.49,107.99,2.01,2.09,0.34,1.62,2.08,1.07,2.97,345.01
12.76,3.42,1.99,15.98,80.02,1.64,1.24,0.42,0.8,3.4,0.7,2.12,372.01
11.98,3.44,2.0,18.99,86.98,2.0,1.63,0.38,1.86,1.29,0.93,3.06,564.01
11.45,2.4,2.41,20.0,95.99,2.91,2.79,0.31,1.81,3.26,0.79,3.38,625.0
11.55,2.06,3.23,28.49,119.0,3.19,5.08,0.47,1.88,6.0,0.92,3.69,465.01
12.41,4.43,2.73,26.49,102.01,2.19,2.14,0.44,1.7,2.07,0.92,3.12,365.01
13.06,5.8,2.12,21.48,86.02,2.62,2.65,0.3,2.01,2.6,0.71,3.1,380.01
11.87,4.32,2.37,21.0,82.0,2.85,3.02,0.21,2.89,2.8,0.77,3.63,380.01
12.07,2.16,2.18,21.0,85.01,2.61,2.66,0.38,1.34,2.77,0.85,3.28,377.97
12.43,1.53,2.29,21.5,86.01,2.74,3.14,0.39,1.77,3.96,0.69,2.84,351.99
11.77,2.13,2.78,28.5,92.0,2.1,2.24,0.58,1.75,2.99,0.98,2.43,466.01
12.38,1.63,2.3,24.5,87.98,2.22,2.44,0.4,1.89,2.14,0.89,2.79,342.02
12.05,4.31,2.37,22.01,80.01,2.11,1.75,0.42,1.36,2.6,0.78,2.57,579.99
12.86,1.34,2.33,18.01,121.99,1.51,1.24,0.22,0.93,4.09,0.77,1.3,629.99
12.89,2.98,2.4,19.99,104.0,1.3,1.22,0.24,0.82,5.4,0.74,1.42,530.0
12.79,2.31,2.4,24.0,98.02,1.15,1.09,0.27,0.83,5.71,0.67,1.37,559.98
12.72,3.54,2.38,21.49,105.99,1.7,1.19,0.2,0.85,4.97,0.78,1.27,600.0
12.51,1.23,2.27,17.5,85.0,2.0,0.58,0.59,1.26,5.44,0.76,1.52,650.02
12.6,2.45,2.2,18.5,94.02,1.63,0.67,0.62,0.93,7.1,0.74,1.58,694.99
12.25,4.72,2.54,21.01,89.0,1.38,0.47,0.52,0.8,3.85,0.75,1.28,720.0
12.53,5.51,2.66,24.99,96.0,1.79,0.59,0.62,1.09,4.99,0.81,1.69,514.99
13.48,3.57,2.17,19.5,88.01,1.62,0.49,0.58,0.89,5.69,0.81,1.82,580.0
12.85,2.97,2.61,24.0,101.01,2.32,0.63,0.52,0.79,4.93,0.89,2.16,590.0
12.94,2.8,2.7,21.0,96.01,1.56,0.52,0.53,0.75,4.59,0.76,2.31,600.01
13.36,2.56,2.37,20.0,88.99,1.41,0.5,0.36,0.64,5.6,0.7,2.47,780.01
13.52,3.16,2.71,23.5,97.01,1.54,0.51,0.51,0.54,4.34,0.91,2.06,520.01
13.62,4.97,2.36,20.01,92.01,2.0,0.8,0.47,1.01,4.39,0.9,2.04,550.0
12.25,3.88,2.21,18.49,111.99,1.38,0.8,0.3,1.13,8.2,0.65,2.02,855.0
13.18,3.57,2.15,21.0,102.0,1.49,0.55,0.42,1.3,4.0,0.61,1.68,830.0
13.88,5.04,2.23,20.0,80.01,0.98,0.35,0.4,0.68,4.88,0.59,1.33,414.97
12.87,4.61,2.5,21.5,86.0,1.68,0.64,0.48,0.86,7.64,0.54,1.87,625.0
13.3,3.22,2.39,21.5,92.01,1.94,0.77,0.45,1.26,8.42,0.55,1.63,649.99
13.09,3.89,2.36,21.5,112.99,1.41,1.4,0.35,1.13,9.41,0.56,1.34,549.98
13.5,3.13,2.63,24.0,123.01,1.38,1.58,0.2,1.25,8.6,0.6,1.31,500.01
12.78,2.67,2.48,22.0,112.0,1.48,1.35,0.25,1.27,10.8,0.5,1.46,480.01
13.11,1.9,2.74,25.51,116.01,2.2,1.28,0.25,1.57,7.09,0.6,1.33,425.0
13.22,3.29,2.29,18.5,97.98,1.81,0.82,0.59,1.87,10.51,0.57,1.5,675.02
12.58,1.29,2.11,20.0,103.0,1.48,0.57,0.54,1.39,7.6,0.59,1.54,639.99
13.19,5.21,2.32,22.02,93.01,1.73,0.62,0.6,1.55,7.92,0.62,1.46,724.98
13.85,4.11,2.38,19.5,88.99,1.8,0.82,0.5,1.56,9.0,0.55,1.63,480.0
12.47,3.01,2.63,27.01,96.98,1.9,0.58,0.64,1.15,7.5,0.67,1.71,880.0
14.34,1.67,2.69,24.99,98.0,2.8,1.3,0.53,2.7,13.0,0.56,1.96,660.0
13.47,1.65,2.63,22.49,89.0,2.6,1.08,0.51,2.28,11.73,0.57,1.78,620.0
12.38,3.82,2.38,21.02,87.99,2.29,0.92,0.51,1.06,7.66,0.55,1.61,520.01
13.7,3.26,2.56,20.0,107.0,1.83,0.57,0.52,0.78,5.87,0.96,1.83,680.01
12.85,3.27,2.58,22.01,105.99,1.65,0.62,0.59,0.97,5.58,0.86,2.13,570.0
12.94,3.45,2.35,18.51,106.0,1.39,0.69,0.39,0.95,5.28,0.67,1.76,675.02
13.78,2.77,2.3,22.0,89.99,1.36,0.67,0.41,1.01,9.59,0.71,1.66,615.02
13.71,4.36,2.26,22.52,88.01,1.29,0.47,0.52,1.15,6.63,0.78,1.76,520.0
13.45,3.7,2.6,23.0,111.02,1.71,0.93,0.43,1.46,10.68,0.85,1.57,695.01
12.81,3.37,2.3,19.51,88.0,1.5,0.65,0.41,0.97,10.24,0.72,1.77,685.01
13.6,2.57,2.68,24.5,105.0,1.56,0.84,0.4,1.54,8.66,0.73,1.8,749.99
13.39,4.61,2.86,25.02,112.01,1.97,0.95,0.29,1.13,8.48,0.67,1.92,630.0
12.18,3.02,2.33,18.99,95.99,1.23,0.49,0.39,0.72,5.5,0.66,1.81,510.0
12.77,2.4,2.29,19.5,86.0,1.39,0.53,0.48,0.65,9.91,0.56,1.65,470.0
14.14,2.52,2.49,20.0,90.99,1.68,0.69,0.46,1.25,9.71,0.62,1.71,659.99
13.71,5.65,2.45,20.49,95.01,1.7,0.62,0.51,1.06,7.7,0.66,1.75,739.98
13.41,3.92,2.49,23.01,102.0,1.79,0.76,0.42,1.41,7.32,0.69,1.57,750.0
13.25,4.29,2.25,20.01,119.99,1.6,0.68,0.42,1.36,10.22,0.59,1.54,834.99
13.18,2.59,2.37,20.0,119.99,1.65,0.67,0.52,1.46,9.3,0.6,1.61,839.99
14.11,4.1,2.75,24.5,96.0,2.05,0.76,0.56,1.36,9.2,0.61,1.59,559.99
14.22,1.71,2.43,15.59,126.98,2.78,3.08,0.31,2.3,5.65,1.05,3.92,1065.01
13.2,1.77,2.14,11.18,99.98,2.64,2.74,0.25,1.28,4.38,1.05,3.4,1049.98
13.17,2.37,2.68,18.62,100.99,2.78,3.23,0.3,2.82,5.65,1.02,3.15,1184.99
14.39,1.96,2.51,16.79,112.99,3.84,3.48,0.24,2.19,7.79,0.86,3.45,1480.0
13.23,2.59,2.87,21.0,118.0,2.79,2.71,0.4,1.82,4.32,1.04,2.92,735.0
14.19,1.75,2.45,15.2,112.01,3.27,3.39,0.33,1.95,6.75,1.05,2.85,1450.0
14.38,1.87,2.46,14.6,96.01,2.49,2.51,0.28,1.98,5.25,1.0,3.58,1290.01
14.06,2.15,2.6,17.61,121.0,2.61,2.53,0.29,1.26,5.05,1.08,3.59,1295.01
14.85,1.65,2.19,14.0,97.0,2.8,2.99,0.3,1.99,5.18,1.08,2.86,1045.01
13.85,1.37,2.25,15.99,98.01,2.98,3.16,0.21,1.86,7.22,1.01,3.54,1045.0
14.1,2.15,2.31,18.01,105.01,2.97,3.31,0.21,2.4,5.75,1.26,3.19,1510.0
14.14,1.49,2.33,16.82,94.99,2.2,2.42,0.27,1.56,5.0,1.18,2.82,1280.0
13.76,1.73,2.4,16.01,88.99,2.6,2.77,0.3,1.8,5.61,1.15,2.88,1320.0
14.74,1.73,2.4,11.41,91.0,3.1,3.69,0.42,2.84,5.4,1.25,2.74,1149.99
14.37,1.89,2.38,11.98,102.01,3.29,3.63,0.28,2.96,7.51,1.2,3.02,1546.99
13.65,1.8,2.71,17.2,112.0,2.84,2.93,0.32,1.48,7.3,1.28,2.86,1310.01
14.31,1.92,2.72,20.0,120.0,2.79,3.13,0.33,1.96,6.19,1.08,2.66,1280.01
13.81,1.55,2.62,19.99,115.01,2.96,3.41,0.4,1.72,6.61,1.14,2.59,1130.0
14.18,1.59,2.48,16.5,108.01,3.3,3.92,0.32,1.87,8.7,1.23,2.84,1680.0
13.65,3.1,2.56,15.2,116.02,2.71,3.04,0.18,1.66,5.09,0.94,3.38,844.98
14.05,1.62,2.29,15.98,126.01,3.0,3.18,0.22,2.09,5.65,1.1,3.68,780.01
12.93,3.81,2.65,18.62,102.01,2.4,2.42,0.24,1.98,4.49,1.04,3.54,770.01
13.71,1.87,2.38,16.58,100.99,2.62,2.89,0.26,1.7,3.79,1.11,3.99,1034.99
12.84,1.59,2.51,17.81,95.0,2.48,2.37,0.25,1.46,3.94,1.1,3.63,1015.0
13.51,1.8,2.61,20.01,96.0,2.53,2.62,0.28,1.65,3.5,1.12,3.82,845.0
13.06,2.05,3.2,25.01,123.98,2.64,2.67,0.48,1.92,3.58,1.13,3.21,829.99
13.39,1.78,2.61,16.13,93.02,2.84,2.94,0.33,1.46,4.8,0.92,3.21,1195.0
13.3,1.72,2.16,16.99,94.01,2.41,2.17,0.27,1.34,3.94,1.01,2.77,1285.01
13.87,1.92,2.81,19.4,107.01,2.95,2.97,0.36,1.75,4.5,1.26,3.4,915.02
14.01,1.67,2.21,15.99,96.01,2.64,2.32,0.26,1.98,4.7,1.03,3.58,1035.0
13.72,1.51,2.7,22.49,101.0,2.99,3.24,0.29,2.37,5.68,1.18,2.71,1285.01
13.58,1.66,2.38,19.08,106.02,2.88,3.21,0.2,1.94,6.9,1.1,2.89,1515.0
13.68,1.84,2.36,17.21,104.0,2.43,2.68,0.43,1.95,3.85,1.22,2.86,989.99
13.76,1.53,2.71,19.5,132.01,2.95,2.75,0.5,1.35,5.4,1.24,3.0,1235.01
13.51,1.8,2.65,19.01,110.0,2.34,2.53,0.3,1.55,4.21,1.12,2.88,1095.0
13.49,1.82,2.4,20.51,100.0,2.71,2.98,0.25,1.86,5.11,1.04,3.47,920.0
13.28,1.63,2.84,15.5,110.01,2.6,2.68,0.34,1.36,4.6,1.09,2.79,879.98
13.05,1.65,2.54,18.0,98.0,2.45,2.42,0.29,1.44,4.24,1.11,2.52,1104.97
13.07,1.5,2.09,15.5,98.0,2.4,2.63,0.28,1.37,3.7,1.18,2.7,1020.0
14.21,3.97,2.5,13.2,127.99,2.99,3.04,0.21,2.1,5.12,0.91,3.52,759.99
13.56,1.72,2.33,16.2,117.0,3.13,3.28,0.34,2.34,6.12,0.93,3.38,794.99
13.4,3.83,2.13,18.79,90.0,2.46,2.69,0.26,1.49,4.28,0.9,2.98,1034.99
13.88,1.9,2.59,15.01,101.0,3.24,3.56,0.17,1.7,5.42,0.87,3.55,1095.0
13.22,3.96,2.29,17.49,103.0,2.65,2.63,0.3,1.65,4.37,0.83,2.99,680.0
13.04,1.76,2.11,17.0,107.0,2.99,2.99,0.28,2.02,5.03,0.88,3.36,885.0
14.21,4.04,2.44,18.87,111.0,2.86,2.63,0.32,1.25,5.23,0.89,3.32,1080.01
14.38,3.6,2.28,16.0,102.0,3.26,3.16,0.26,2.18,4.88,1.05,3.42,1065.0
13.88,1.69,2.11,16.01,101.0,3.09,3.39,0.2,2.13,6.11,0.91,3.33,985.0
14.09,2.02,2.41,18.8,102.99,2.75,2.93,0.32,2.37,6.22,1.08,2.76,1059.99
13.93,1.72,2.28,17.43,107.99,2.89,3.55,0.33,2.09,8.9,1.12,3.11,1260.0
13.04,1.72,2.03,12.4,92.0,2.74,3.27,0.18,2.92,7.2,1.12,2.92,1150.02
13.83,1.67,2.61,17.19,94.0,2.45,2.99,0.21,2.3,5.61,1.24,3.37,1265.0
13.83,1.75,2.43,14.0,111.01,3.87,3.75,0.31,1.86,7.05,1.0,3.26,1189.99
13.76,1.91,2.67,17.1,115.0,2.99,2.79,0.38,1.69,6.28,1.15,2.93,1375.01
13.73,1.68,2.25,16.41,118.02,2.6,2.91,0.2,1.64,5.88,0.92,3.21,1059.99
13.56,1.73,2.46,20.5,116.0,2.96,2.79,0.21,2.45,6.25,0.97,3.04,1120.0
14.22,1.69,2.3,16.29,118.0,3.2,3.02,0.26,2.06,6.38,0.92,3.31,970.01
13.28,1.97,2.67,16.8,102.01,3.02,3.23,0.33,1.66,6.02,1.07,2.86,1269.99
13.71,1.4,2.51,16.7,108.01,3.4,3.66,0.19,2.03,6.8,0.89,2.89,1284.99
12.35,0.94,1.38,10.61,88.0,1.96,0.56,0.29,0.42,1.93,1.04,1.82,519.99
12.32,1.11,2.27,16.0,101.0,2.06,1.11,0.63,0.39,3.28,1.24,1.66,679.99
12.63,1.38,2.03,16.79,99.99,2.03,1.4,0.53,0.61,5.75,0.97,1.59,450.0
13.66,1.27,1.92,18.0,93.98,2.1,1.79,0.32,0.73,3.8,1.22,2.47,630.0
12.36,1.11,2.14,19.0,86.99,3.5,3.1,0.2,1.88,4.46,1.22,2.86,420.0
12.16,1.46,2.52,19.01,103.99,1.89,1.77,0.46,1.04,2.95,1.45,2.23,355.01
12.35,1.21,2.56,18.1,98.02,2.43,2.67,0.37,2.09,4.6,1.19,2.3,678.0
13.13,1.02,1.7,14.99,78.0,2.98,3.19,0.28,2.26,5.29,1.12,3.17,501.99
12.36,1.19,1.92,19.61,78.0,2.11,1.98,0.28,1.05,4.66,1.11,3.49,509.99
13.32,0.92,2.37,17.0,110.03,2.54,1.3,0.55,0.42,3.17,1.04,1.94,750.01
12.2,1.18,1.74,16.78,151.0,1.85,1.28,0.15,2.5,2.85,1.27,3.06,718.01
12.29,1.63,2.22,20.41,103.0,1.11,1.02,0.39,1.46,3.07,0.89,1.83,870.0
13.86,1.51,2.66,25.0,86.01,2.97,2.85,0.21,1.86,3.39,1.38,3.17,410.0
13.48,1.65,2.23,24.01,86.98,1.9,1.84,0.26,1.04,3.72,0.97,2.77,471.99
12.98,1.67,2.59,30.0,139.0,3.29,2.89,0.21,1.95,3.36,1.32,3.48,985.01
11.95,1.08,2.3,20.99,101.0,3.38,2.15,0.12,1.64,3.22,0.99,3.16,886.0
11.67,1.87,1.92,16.01,97.02,1.6,1.56,0.32,1.14,3.81,1.23,2.12,427.99
13.04,0.9,1.7,16.01,85.99,1.94,2.03,0.24,1.46,4.59,1.2,2.47,392.0
11.84,2.89,2.23,18.0,111.99,1.7,1.31,0.42,0.94,2.66,0.96,2.51,500.02
12.33,1.0,1.97,14.81,136.0,1.88,1.85,0.34,2.76,3.39,1.07,2.31,750.0
12.71,3.88,2.41,23.01,100.99,2.83,2.54,0.43,1.94,2.57,1.18,3.13,463.0
12.01,0.94,2.01,19.0,86.0,2.43,2.25,0.3,1.44,2.49,1.37,3.13,277.98
12.71,1.81,2.19,18.8,85.99,2.21,2.54,0.26,1.76,3.9,1.16,3.14,713.99
12.07,1.15,2.51,24.0,78.0,2.0,1.57,0.39,1.39,2.2,1.29,2.73,630.0
13.05,3.87,2.33,22.5,85.02,1.65,1.57,0.61,1.62,4.79,0.85,2.01,514.99
11.85,0.87,2.57,17.99,94.01,2.21,2.2,0.21,2.35,3.06,0.78,3.1,520.0
12.66,0.97,2.25,17.98,99.0,2.21,1.93,0.31,1.46,2.62,1.23,3.15,450.0
12.16,1.62,2.31,22.78,90.0,1.77,1.68,0.43,1.56,2.46,1.34,2.27,495.0
11.67,1.68,2.61,26.0,88.0,1.91,1.59,0.4,1.35,2.61,1.35,3.21,562.01
11.65,2.06,2.47,21.6,84.01,1.95,1.69,0.48,1.36,2.8,1.0,2.74,679.98
12.09,1.33,2.3,23.59,70.0,2.22,1.59,0.42,1.38,1.75,1.08,3.21,625.0
12.09,1.81,2.31,18.5,80.99,1.59,1.5,0.51,1.64,2.4,1.07,2.28,480.0
11.99,1.48,2.43,21.99,86.0,1.46,1.24,0.51,1.61,3.61,1.04,2.66,450.0
12.67,1.52,2.25,20.69,80.01,1.4,1.44,0.56,1.62,3.06,0.95,2.05,495.0
12.29,2.82,2.22,18.0,88.01,2.45,2.24,0.26,2.0,2.15,1.13,3.3,290.0
11.62,2.0,2.29,18.01,98.01,3.04,2.27,0.17,1.35,3.25,1.16,2.95,345.0
12.46,1.52,2.21,19.0,161.99,2.5,2.27,0.32,3.29,2.6,1.15,2.63,937.01
11.83,2.13,2.74,21.49,134.01,1.61,0.98,0.14,1.56,2.49,0.96,2.25,625.0
12.28,1.41,1.99,16.0,85.0,2.55,2.49,0.29,1.79,2.91,1.23,2.75,428.0
12.38,1.07,2.09,18.49,87.98,3.5,3.75,0.22,1.95,4.51,1.04,2.76,659.99
12.31,3.17,2.2,18.0,88.01,2.85,2.99,0.45,2.81,2.29,1.43,2.83,406.0
12.08,2.09,1.7,17.51,97.0,2.22,2.17,0.25,1.4,3.29,1.26,2.95,710.01
12.61,1.34,1.9,18.5,88.0,1.45,1.36,0.29,1.34,2.45,1.04,2.78,562.01
12.35,2.43,2.45,20.98,98.0,2.57,2.13,0.34,1.3,2.79,0.79,3.38,437.99
11.82,1.71,1.86,19.52,86.01,2.5,1.65,0.38,1.41,2.08,0.91,2.44,415.0
12.51,1.73,1.99,20.5,85.0,2.21,1.92,0.32,1.47,2.92,1.03,3.58,672.0
12.41,2.56,2.25,22.01,90.0,1.68,1.83,0.66,1.43,2.68,0.86,3.31,315.0
12.24,1.71,2.13,19.02,80.0,1.66,2.02,0.35,1.63,3.41,1.0,3.17,510.0
12.72,1.76,2.27,22.49,84.01,1.39,1.77,0.47,1.63,3.28,0.89,2.42,487.99
12.22,1.28,1.94,19.01,92.01,2.37,2.02,0.38,2.09,2.69,0.87,3.01,311.99
11.61,1.35,2.68,20.0,93.98,2.74,2.91,0.3,2.49,2.66,0.97,3.25,679.99
11.46,3.75,1.8,19.5,107.0,3.18,2.59,0.25,3.58,2.9,0.75,2.81,562.01
12.52,2.42,2.17,21.0,88.01,2.54,2.24,0.26,1.21,1.98,0.9,2.79,324.99
11.75,2.68,2.92,20.0,102.99,1.75,2.05,0.59,1.06,3.78,1.25,2.51,607.0
11.42,0.74,2.5,21.0,87.99,2.48,2.02,0.42,1.44,3.08,1.11,2.31,434.01
12.09,1.4,2.5,22.5,84.0,2.56,2.28,0.43,1.03,2.91,0.92,3.2,384.99
11.05,1.51,2.19,21.51,85.0,2.45,2.17,0.54,2.03,1.9,1.71,2.86,407.0
11.81,1.46,1.99,20.79,85.99,1.98,1.6,0.28,1.52,1.96,0.94,3.32,494.99
12.41,1.61,2.18,22.5,108.0,2.0,2.1,0.35,1.61,2.07,1.05,2.96,345.0
12.77,3.44,1.99,16.0,79.99,1.63,1.24,0.44,0.85,3.4,0.71,2.11,372.01
12.0,3.43,1.99,18.98,86.98,2.01,1.64,0.37,1.87,1.28,0.93,3.04,564.0
11.46,2.39,2.43,20.02,95.99,2.91,2.79,0.31,1.83,3.26,0.8,3.38,624.99
11.58,2.05,3.22,28.5,119.0,3.17,5.08,0.47,1.87,6.0,0.94,3.71,464.99
12.43,4.45,2.74,26.49,101.99,2.18,2.13,0.43,1.72,2.09,0.92,3.12,365.0
13.05,5.81,2.14,21.5,85.99,2.63,2.64,0.3,2.01,2.6,0.74,3.1,380.0
11.88,4.31,2.38,21.0,82.01,2.85,3.03,0.2,2.92,2.81,0.74,3.63,380.0
12.08,2.18,2.16,21.0,85.02,2.6,2.63,0.37,1.34,2.76,0.86,3.26,378.0
12.44,1.54,2.3,21.49,86.01,2.72,3.14,0.4,1.78,3.95,0.69,2.84,352.01
11.78,2.15,2.78,28.5,92.02,2.15,2.23,0.58,1.77,2.99,0.97,2.44,465.98
12.39,1.62,2.29,24.51,88.0,2.21,2.45,0.4,1.9,2.11,0.91,2.78,342.01
12.03,4.3,2.38,21.97,80.0,2.11,1.75,0.43,1.36,2.61,0.78,2.57,580.0
12.86,1.37,2.33,18.0,122.0,1.5,1.27,0.2,0.94,4.1,0.77,1.3,630.01
12.89,2.98,2.39,20.01,104.01,1.33,1.23,0.23,0.83,5.4,0.74,1.4,530.01
12.81,2.31,2.4,23.98,98.01,1.16,1.08,0.27,0.83,5.7,0.67,1.37,560.0
12.69,3.55,2.36,21.49,105.99,1.7,1.21,0.17,0.84,5.0,0.78,1.29,600.01
12.52,1.23,2.24,17.53,85.01,2.0,0.59,0.6,1.24,5.45,0.75,1.51,650.01
12.6,2.48,2.2,18.5,94.02,1.62,0.66,0.64,0.95,7.08,0.73,1.58,694.99
12.25,4.73,2.53,21.0,88.98,1.38,0.48,0.54,0.8,3.85,0.75,1.28,720.01
12.53,5.5,2.66,24.99,95.99,1.81,0.59,0.62,1.08,5.0,0.83,1.7,515.0
13.49,3.59,2.18,19.49,87.99,1.61,0.47,0.58,0.89,5.71,0.81,1.83,580.01
12.83,2.96,2.6,24.0,101.0,2.32,0.6,0.53,0.79,4.93,0.89,2.15,589.99
12.93,2.8,2.69,20.99,96.0,1.55,0.5,0.52,0.75,4.6,0.8,2.3,600.0
13.36,2.56,2.36,19.99,89.01,1.4,0.5,0.36,0.65,5.59,0.71,2.47,780.01
13.53,3.17,2.73,23.5,97.0,1.55,0.53,0.5,0.55,4.36,0.9,2.05,520.01
13.62,4.96,2.33,20.0,92.0,1.99,0.79,0.45,1.0,4.39,0.92,2.06,550.0
12.26,3.9,2.21,18.5,111.99,1.37,0.79,0.27,1.14,8.2,0.65,1.99,854.98
13.18,3.57,2.15,21.0,102.0,1.52,0.54,0.43,1.28,4.01,0.6,1.67,829.99
13.89,5.05,2.24,20.01,80.01,0.99,0.34,0.39,0.67,4.89,0.58,1.33,414.99
12.88,4.61,2.5,21.52,86.0,1.69,0.65,0.45,0.85,7.66,0.54,1.85,625.0
13.32,3.25,2.38,21.49,92.03,1.93,0.76,0.45,1.25,8.42,0.55,1.63,650.0
13.09,3.91,2.36,21.5,113.01,1.42,1.4,0.35,1.14,9.4,0.55,1.33,550.01
13.5,3.11,2.61,24.01,123.02,1.39,1.55,0.21,1.25,8.61,0.57,1.3,499.99
12.78,2.67,2.49,22.01,111.99,1.47,1.37,0.26,1.26,10.8,0.49,1.47,479.99
13.12,1.88,2.76,25.51,116.0,2.19,1.29,0.25,1.54,7.1,0.59,1.34,425.01
13.24,3.31,2.28,18.51,98.01,1.78,0.83,0.62,1.87,10.53,0.55,1.52,675.0
12.58,1.27,2.1,19.99,102.99,1.49,0.59,0.54,1.39,7.61,0.58,1.54,640.0
13.15,5.19,2.33,21.99,93.0,1.75,0.65,0.6,1.58,7.9,0.6,1.48,724.98
13.85,4.12,2.37,19.51,89.02,1.81,0.83,0.47,1.56,9.01,0.57,1.64,479.99
12.46,3.04,2.63,27.0,97.02,1.91,0.58,0.63,1.14,7.49,0.68,1.74,880.0
14.35,1.69,2.69,25.01,98.0,2.81,1.31,0.53,2.68,12.99,0.58,1.97,660.0
13.49,1.67,2.65,22.49,89.0,2.61,1.1,0.52,2.28,11.76,0.55,1.78,619.98
12.38,3.84,2.38,20.99,88.0,2.31,0.91,0.5,1.04,7.66,0.56,1.6,519.99
13.69,3.26,2.54,20.01,107.01,1.84,0.55,0.5,0.81,5.88,0.97,1.84,680.0
12.85,3.26,2.57,21.98,105.99,1.66,0.6,0.61,0.95,5.59,0.87,2.12,570.0
12.97,3.46,2.36,18.51,106.01,1.39,0.71,0.42,0.95,5.28,0.68,1.74,674.99
13.79,2.76,2.3,21.99,90.0,1.38,0.69,0.4,1.03,9.59,0.69,1.68,614.99
13.74,4.36,2.26,22.49,88.01,1.29,0.47,0.5,1.15,6.61,0.78,1.73,520.0
13.46,3.71,2.61,23.01,110.99,1.71,0.89,0.43,1.46,10.67,0.84,1.55,694.99
12.85,3.37,2.31,19.48,87.99,1.5,0.66,0.4,0.97,10.25,0.72,1.75,684.99
13.58,2.56,2.68,24.51,105.01,1.55,0.85,0.41,1.52,8.67,0.76,1.8,750.0
13.41,4.6,2.87,24.99,112.0,1.99,0.97,0.25,1.1,8.49,0.67,1.89,630.0
12.2,3.04,2.31,18.99,96.01,1.24,0.5,0.4,0.74,5.5,0.65,1.83,510.01
12.76,2.38,2.29,19.49,85.99,1.39,0.52,0.47,0.65,9.91,0.57,1.63,470.01
14.16,2.52,2.47,20.01,91.0,1.68,0.7,0.44,1.23,9.71,0.63,1.7,660.0
13.71,5.65,2.45,20.51,94.99,1.69,0.6,0.53,1.07,7.71,0.64,1.75,739.98
13.4,3.9,2.49,22.99,101.99,1.8,0.74,0.44,1.41,7.29,0.68,1.55,749.99
13.28,4.29,2.28,19.99,120.01,1.59,0.71,0.45,1.34,10.2,0.61,1.57,834.99
13.18,2.6,2.38,20.0,119.99,1.66,0.66,0.54,1.45,9.3,0.58,1.62,840.0
14.13,4.11,2.75,24.52,96.0,2.04,0.76,0.56,1.36,9.2,0.61,1.6,560.0
14.22,1.72,2.42,15.6,127.01,2.8,3.06,0.28,2.31,5.63,1.04,3.91,1065.0
13.19,1.78,2.13,11.2,99.99,2.66,2.76,0.27,1.27,4.38,1.05,3.41,1050.0
13.16,2.35,2.67,18.62,100.98,2.8,3.24,0.31,2.82,5.67,1.02,3.17,1184.98
14.35,1.94,2.51,16.78,113.01,3.84,3.5,0.22,2.18,7.81,0.88,3.45,1480.0
13.25,2.58,2.88,21.01,117.98,2.81,2.69,0.4,1.82,4.32,1.03,2.93,735.0
14.21,1.77,2.46,15.19,111.98,3.27,3.39,0.35,1.96,6.75,1.04,2.85,1450.01
14.4,1.88,2.45,14.59,96.02,2.51,2.52,0.31,1.97,5.23,1.03,3.59,1290.0
14.06,2.15,2.59,17.61,121.0,2.61,2.52,0.29,1.26,5.04,1.07,3.58,1295.01
14.81,1.64,2.17,14.0,96.99,2.81,2.97,0.29,1.97,5.18,1.09,2.85,1045.0
13.86,1.34,2.28,16.0,98.01,2.99,3.16,0.22,1.87,7.23,1.01,3.55,1045.02
14.1,2.17,2.28,17.99,105.0,2.95,3.32,0.21,2.39,5.74,1.24,3.17,1509.98
14.11,1.47,2.31,16.79,95.0,2.21,2.44,0.25,1.58,5.0,1.19,2.81,1279.99
13.75,1.73,2.41,16.01,89.0,2.61,2.77,0.29,1.81,5.59,1.16,2.89,1319.99
14.75,1.73,2.39,11.4,90.98,3.1,3.69,0.42,2.8,5.41,1.24,2.72,1149.98
14.37,1.86,2.4,12.0,102.0,3.31,3.63,0.29,2.96,7.51,1.21,2.99,1547.0
13.64,1.8,2.71,17.19,112.0,2.83,2.9,0.3,1.46,7.29,1.26,2.9,1309.99
14.29,1.92,2.71,19.99,120.0,2.8,3.14,0.32,1.98,6.21,1.07,2.65,1280.0
13.82,1.56,2.6,20.01,115.0,2.94,3.39,0.39,1.72,6.59,1.15,2.57,1129.99
14.19,1.59,2.49,16.5,108.0,3.31,3.93,0.32,1.87,8.7,1.23,2.82,1680.01
13.64,3.12,2.56,15.19,116.03,2.71,3.02,0.18,1.65,5.11,0.97,3.37,845.0
14.05,1.63,2.28,16.0,126.01,2.99,3.18,0.22,2.11,5.67,1.09,3.71,779.98
12.93,3.78,2.65,18.6,101.99,2.42,2.41,0.26,1.98,4.49,1.02,3.53,769.98
13.71,1.86,2.36,16.6,101.0,2.64,2.88,0.28,1.69,3.79,1.1,4.01,1035.01
12.86,1.6,2.53,17.8,95.0,2.48,2.37,0.27,1.45,3.92,1.08,3.62,1014.99
13.51,1.81,2.6,20.01,96.02,2.53,2.61,0.29,1.67,3.53,1.12,3.84,845.0
13.04,2.05,3.21,24.99,123.99,2.64,2.69,0.46,1.91,3.58,1.12,3.2,830.01
13.4,1.78,2.63,16.11,93.01,2.85,2.93,0.33,1.44,4.79,0.92,3.23,1194.99
13.3,1.72,2.13,17.01,94.01,2.4,2.2,0.28,1.35,3.94,1.02,2.76,1285.02
13.86,1.9,2.81,19.39,107.01,2.94,2.98,0.38,1.77,4.5,1.27,3.39,914.99
14.02,1.68,2.22,15.99,96.0,2.65,2.32,0.26,1.99,4.71,1.03,3.6,1035.01
13.73,1.49,2.7,22.52,101.0,3.02,3.26,0.28,2.37,5.7,1.17,2.69,1284.99
13.6,1.67,2.35,19.11,106.01,2.86,3.2,0.21,1.96,6.91,1.09,2.87,1515.0
13.68,1.83,2.37,17.21,104.01,2.42,2.69,0.43,1.96,3.85,1.23,2.88,990.01
13.77,1.52,2.7,19.5,131.99,2.97,2.74,0.51,1.34,5.38,1.25,3.01,1235.0
13.49,1.79,2.66,19.0,110.01,2.35,2.53,0.3,1.53,4.21,1.09,2.87,1095.0
13.49,1.83,2.42,20.51,100.01,2.69,2.98,0.25,1.86,5.09,1.04,3.47,920.01
13.28,1.65,2.84,15.5,110.01,2.6,2.67,0.32,1.37,4.6,1.08,2.79,879.99
13.05,1.65,2.56,18.01,98.01,2.45,2.41,0.29,1.43,4.24,1.13,2.53,1105.02
13.07,1.49,2.11,15.5,98.0,2.4,2.64,0.28,1.37,3.7,1.18,2.69,1020.01
14.21,3.99,2.51,13.2,128.0,3.01,3.02,0.19,2.09,5.11,0.89,3.54,759.99
13.55,1.71,2.31,16.2,116.99,3.17,3.31,0.35,2.34,6.13,0.95,3.38,794.99
13.41,3.87,2.14,18.79,90.0,2.45,2.68,0.28,1.48,4.3,0.91,3.01,1034.99
13.88,1.89,2.59,15.0,101.0,3.25,3.54,0.17,1.7,5.43,0.87,3.56,1094.99
13.23,3.99,2.28,17.51,103.01,2.64,2.62,0.32,1.66,4.37,0.82,3.0,680.02
13.05,1.75,2.11,17.0,107.02,2.99,3.01,0.28,2.02,5.05,0.88,3.36,884.99
14.22,4.05,2.43,18.92,110.99,2.85,2.66,0.3,1.25,5.24,0.88,3.34,1080.0
14.38,3.58,2.28,16.0,102.01,3.25,3.16,0.28,2.19,4.91,1.04,3.43,1065.01
13.9,1.67,2.1,16.0,101.01,3.1,3.41,0.21,2.15,6.08,0.92,3.34,984.98
14.12,2.03,2.39,18.8,103.0,2.76,2.92,0.32,2.37,6.2,1.05,2.75,1060.01
13.94,1.73,2.25,17.4,108.01,2.88,3.56,0.31,2.07,8.9,1.12,3.09,1260.01
13.05,1.72,2.04,12.4,92.01,2.72,3.28,0.15,2.9,7.2,1.12,2.92,1149.99
13.82,1.66,2.58,17.19,93.99,2.45,2.98,0.21,2.27,5.6,1.25,3.37,1265.0
13.82,1.77,2.41,13.99,111.0,3.87,3.73,0.33,1.86,7.03,1.01,3.26,1190.01
13.76,1.9,2.69,17.1,114.99,2.99,2.8,0.39,1.68,6.3,1.13,2.94,1375.02
13.75,1.67,2.27,16.41,118.0,2.58,2.89,0.2,1.59,5.87,0.93,3.19,1060.0
13.55,1.74,2.48,20.51,116.0,2.96,2.78,0.21,2.45,6.24,0.97,3.04,1120.0
14.22,1.71,2.3,16.3,118.0,3.18,3.0,0.26,2.03,6.37,0.95,3.33,969.99
13.29,1.98,2.66,16.8,102.0,2.99,3.23,0.32,1.66,6.01,1.07,2.86,1269.98
13.74,1.42,2.51,16.71,108.02,3.4,3.66,0.19,2.04,6.81,0.89,2.87,1285.01
12.36,0.93,1.35,10.6,87.99,1.97,0.55,0.28,0.41,1.96,1.05,1.82,520.01
12.31,1.1,2.3,15.99,101.0,2.04,1.09,0.62,0.41,3.28,1.24,1.67,679.99
12.63,1.34,2.01,16.8,99.98,2.01,1.42,0.52,0.62,5.75,0.99,1.59,450.02
13.67,1.23,1.92,18.0,94.02,2.1,1.78,0.32,0.73,3.79,1.21,2.45,630.0
12.38,1.13,2.17,19.01,87.01,3.48,3.09,0.19,1.87,4.45,1.23,2.88,420.02
12.18,1.45,2.52,19.01,104.0,1.89,1.75,0.44,1.02,2.97,1.44,2.24,355.0
12.36,1.21,2.56,18.1,97.99,2.43,2.65,0.35,2.1,4.61,1.18,2.3,678.02
13.12,0.99,1.71,15.02,78.01,2.97,3.18,0.25,2.28,5.3,1.12,3.17,502.01
12.37,1.18,1.9,19.59,78.0,2.1,2.0,0.28,1.06,4.68,1.12,3.48,510.0
13.35,0.95,2.36,17.01,110.01,2.53,1.31,0.56,0.42,3.16,1.03,1.94,750.0
12.21,1.19,1.76,16.81,151.0,1.85,1.3,0.13,2.5,2.85,1.28,3.06,718.0
12.3,1.62,2.2,20.41,102.99,1.1,1.04,0.37,1.46,3.06,0.91,1.82,869.99
13.87,1.49,2.66,25.0,86.01,2.94,2.88,0.21,1.86,3.39,1.35,3.15,410.0
13.49,1.67,2.24,24.0,87.01,1.9,1.85,0.26,1.02,3.74,0.97,2.79,471.99
12.98,1.67,2.61,30.0,139.0,3.3,2.9,0.21,1.96,3.33,1.31,3.49,985.0
11.94,1.1,2.31,20.98,101.0,3.39,2.14,0.14,1.67,3.22,0.98,3.12,885.99
11.67,1.89,1.93,16.01,96.99,1.62,1.55,0.34,1.17,3.79,1.24,2.14,427.99
13.04,0.91,1.71,16.01,86.0,1.95,2.02,0.24,1.45,4.6,1.19,2.48,392.0
11.85,2.88,2.23,18.0,112.0,1.71,1.33,0.42,0.94,2.64,0.94,2.53,500.02
12.32,0.99,1.94,14.8,136.01,1.9,1.85,0.35,2.77,3.43,1.05,2.29,749.99
12.7,3.87,2.38,23.01,100.99,2.81,2.57,0.42,1.93,2.58,1.17,3.12,463.0
12.01,0.93,1.99,19.0,85.99,2.42,2.26,0.3,1.43,2.52,1.38,3.11,278.0
12.72,1.8,2.19,18.79,85.99,2.2,2.53,0.26,1.76,3.92,1.15,3.14,714.0
12.1,1.13,2.52,24.01,78.01,2.01,1.56,0.4,1.42,2.22,1.31,2.72,630.01
13.05,3.86,2.33,22.5,85.01,1.64,1.58,0.6,1.63,4.81,0.85,2.0,515.0
11.83,0.87,2.59,18.0,94.0,2.19,2.23,0.22,2.35,3.05,0.79,3.09,520.0
12.66,0.98,2.23,18.01,99.0,2.18,1.95,0.29,1.45,2.62,1.22,3.14,450.0
12.15,1.61,2.31,22.81,90.02,1.78,1.69,0.45,1.55,2.45,1.32,2.26,495.0
11.66,1.67,2.62,26.0,88.01,1.92,1.61,0.42,1.35,2.59,1.36,3.21,562.0
11.63,2.08,2.45,21.6,84.0,1.95,1.69,0.48,1.36,2.81,1.0,2.75,680.0
12.07,1.33,2.3,23.61,70.02,2.2,1.58,0.42,1.39,1.74,1.05,3.21,625.01
12.09,1.83,2.32,18.48,80.98,1.6,1.52,0.52,1.61,2.41,1.08,2.28,480.01
12.01,1.51,2.42,22.02,85.99,1.46,1.25,0.49,1.62,3.59,1.05,2.65,449.99
12.69,1.52,2.24,20.7,80.0,1.38,1.43,0.59,1.62,3.05,0.96,2.03,495.0
12.27,2.83,2.21,18.0,88.0,2.44,2.24,0.27,1.98,2.16,1.14,3.3,290.01
11.64,2.0,2.28,18.01,97.99,3.02,2.26,0.18,1.34,3.24,1.16,2.95,345.02
12.48,1.51,2.2,19.01,161.98,2.5,2.26,0.32,3.28,2.62,1.15,2.62,937.0
11.8,2.12,2.76,21.49,133.99,1.61,1.0,0.14,1.56,2.52,0.94,2.27,625.0
12.28,1.42,1.97,15.98,85.01,2.53,2.49,0.29,1.76,2.9,1.23,2.73,427.97
12.37,1.04,2.09,18.46,87.98,3.5,3.76,0.25,1.94,4.5,1.05,2.76,659.99
12.29,3.18,2.21,18.0,88.01,2.85,3.01,0.44,2.81,2.3,1.42,2.84,406.0
12.07,2.08,1.71,17.5,97.01,2.23,2.15,0.25,1.4,3.3,1.27,2.96,710.0
12.61,1.33,1.88,18.49,88.02,1.46,1.37,0.28,1.34,2.45,1.03,2.75,562.0
12.33,2.44,2.46,21.0,97.99,2.55,2.11,0.34,1.32,2.81,0.79,3.38,438.02
11.83,1.73,1.89,19.48,86.01,2.51,1.63,0.36,1.4,2.08,0.93,2.46,415.0
12.51,1.73,1.97,20.51,84.98,2.22,1.92,0.31,1.49,2.92,1.04,3.57,672.01
12.41,2.57,2.26,22.0,89.99,1.69,1.84,0.66,1.43,2.7,0.85,3.29,315.01
12.23,1.73,2.09,19.0,79.99,1.67,2.0,0.37,1.64,3.4,1.0,3.16,510.0
12.72,1.77,2.27,22.49,83.99,1.37,1.76,0.48,1.63,3.31,0.89,2.41,488.01
12.22,1.28,1.93,18.99,92.01,2.37,2.04,0.39,2.08,2.71,0.86,3.01,312.0
11.62,1.35,2.71,20.03,94.0,2.74,2.92,0.28,2.48,2.65,0.97,3.25,679.99
11.46,3.76,1.85,19.5,106.99,3.18,2.58,0.25,3.58,2.88,0.75,2.82,562.02
12.51,2.45,2.16,21.0,88.0,2.56,2.25,0.24,1.2,2.01,0.9,2.79,324.99
11.76,2.69,2.93,20.0,103.01,1.76,2.04,0.61,1.06,3.8,1.23,2.49,607.0
11.4,0.74,2.5,21.03,88.0,2.48,2.0,0.42,1.44,3.06,1.11,2.3,434.01
12.09,1.39,2.49,22.5,84.01,2.56,2.29,0.45,1.04,2.9,0.92,3.21,385.0
11.03,1.5,2.2,21.5,85.0,2.46,2.17,0.54,2.01,1.88,1.7,2.86,407.02
11.81,1.48,2.0,20.79,86.01,1.97,1.59,0.32,1.53,1.95,0.95,3.34,494.98
12.41,1.61,2.2,22.5,108.0,2.0,2.09,0.34,1.62,2.05,1.05,2.95,345.0
12.76,3.42,1.97,16.0,80.0,1.64,1.26,0.43,0.82,3.38,0.71,2.13,372.01
12.02,3.43,2.01,18.99,86.98,1.99,1.65,0.39,1.87,1.3,0.94,3.05,564.0
11.46,2.4,2.43,20.0,96.0,2.92,2.79,0.31,1.82,3.26,0.79,3.38,624.99
11.57,2.05,3.23,28.5,118.99,3.17,5.08,0.47,1.86,6.0,0.93,3.69,464.99
12.43,4.43,2.72,26.51,101.99,2.22,2.12,0.43,1.71,2.08,0.92,3.13,365.0
13.06,5.8,2.13,21.5,86.0,2.62,2.64,0.29,2.0,2.59,0.74,3.11,380.0
11.86,4.3,2.39,21.0,81.99,2.88,3.04,0.22,2.92,2.8,0.73,3.65,380.01
12.07,2.18,2.17,20.97,85.02,2.61,2.66,0.38,1.35,2.76,0.89,3.28,378.0
12.43,1.54,2.27,21.51,86.0,2.74,3.15,0.4,1.76,3.93,0.68,2.85,351.99
11.79,2.14,2.8,28.5,92.02,2.15,2.23,0.58,1.77,2.98,0.97,2.44,466.01
12.36,1.63,2.3,24.49,88.01,2.22,2.43,0.4,1.89,2.13,0.87,2.78,342.01
12.03,4.31,2.39,21.99,80.0,2.11,1.75,0.41,1.35,2.61,0.78,2.58,580.0
12.86,1.35,2.32,18.0,122.0,1.52,1.25,0.21,0.95,4.1,0.75,1.3,630.01
12.87,2.99,2.42,20.0,103.99,1.31,1.23,0.24,0.84,5.39,0.74,1.43,529.99
12.81,2.3,2.39,23.98,98.02,1.14,1.08,0.28,0.83,5.71,0.66,1.34,560.01
12.69,3.55,2.36,21.48,106.0,1.72,1.19,0.17,0.83,4.99,0.78,1.29,600.01
12.5,1.25,2.25,17.51,85.0,2.0,0.58,0.61,1.25,5.46,0.75,1.51,650.0
12.59,2.47,2.2,18.49,94.0,1.63,0.66,0.62,0.95,7.1,0.73,1.58,694.99
12.24,4.72,2.53,20.98,89.0,1.39,0.48,0.55,0.8,3.84,0.74,1.26,719.99
12.54,5.51,2.65,24.99,96.01,1.78,0.61,0.64,1.1,4.99,0.83,1.68,514.99
13.49,3.59,2.18,19.49,88.02,1.63,0.48,0.59,0.88,5.7,0.82,1.82,579.99
12.84,2.97,2.6,24.02,101.0,2.32,0.59,0.52,0.82,4.93,0.89,2.15,589.99
12.93,2.79,2.7,21.0,96.0,1.53,0.51,0.52,0.76,4.6,0.78,2.31,600.01
13.37,2.56,2.35,20.01,89.01,1.41,0.52,0.36,0.63,5.58,0.7,2.47,780.02
13.51,3.18,2.72,23.49,96.99,1.56,0.51,0.5,0.56,4.35,0.89,2.05,520.0
13.62,4.95,2.35,19.99,92.02,2.0,0.81,0.47,1.01,4.4,0.91,2.06,550.0
12.24,3.88,2.21,18.5,112.01,1.38,0.77,0.3,1.16,8.2,0.65,2.0,855.0
13.15,3.55,2.15,21.0,101.99,1.5,0.54,0.42,1.3,3.99,0.6,1.68,829.99
13.88,5.04,2.26,20.0,80.0,0.99,0.35,0.39,0.69,4.91,0.58,1.32,414.99
12.88,4.62,2.49,21.51,86.02,1.71,0.66,0.49,0.86,7.64,0.53,1.88,625.0
13.33,3.24,2.38,21.49,92.0,1.94,0.76,0.44,1.24,8.4,0.56,1.63,649.98
13.08,3.91,2.37,21.5,112.99,1.39,1.39,0.34,1.16,9.39,0.57,1.34,549.99
13.5,3.11,2.62,24.01,123.0,1.39,1.57,0.21,1.25,8.6,0.58,1.3,499.99
12.79,2.66,2.49,22.0,111.99,1.5,1.36,0.24,1.27,10.82,0.48,1.48,479.99
13.1,1.91,2.75,25.5,116.01,2.2,1.27,0.27,1.56,7.1,0.63,1.31,425.0
13.24,3.3,2.3,18.5,98.01,1.78,0.83,0.62,1.87,10.51,0.56,1.51,674.98
12.6,1.29,2.1,20.0,102.99,1.47,0.58,0.53,1.39,7.61,0.58,1.53,639.99
13.2,5.18,2.33,22.0,92.99,1.76,0.63,0.62,1.55,7.9,0.59,1.49,724.98
13.83,4.13,2.37,19.51,89.0,1.8,0.83,0.48,1.57,9.0,0.58,1.64,479.99
12.46,3.05,2.63,27.01,97.01,1.91,0.58,0.64,1.13,7.5,0.68,1.74,879.99
14.34,1.68,2.68,25.0,97.99,2.81,1.3,0.51,2.7,13.0,0.58,1.96,660.02
13.5,1.68,2.63,22.5,89.0,2.6,1.08,0.53,2.31,11.76,0.56,1.78,620.01
12.36,3.83,2.4,21.0,88.01,2.31,0.91,0.5,1.05,7.65,0.57,1.57,520.01
13.68,3.26,2.53,20.01,106.98,1.81,0.57,0.5,0.82,5.88,0.97,1.83,679.99
12.85,3.29,2.59,21.99,106.01,1.67,0.6,0.6,0.95,5.6,0.86,2.1,570.02
12.95,3.45,2.35,18.49,106.0,1.37,0.71,0.41,0.97,5.29,0.67,1.75,675.0
13.79,2.77,2.3,22.0,90.0,1.35,0.68,0.4,1.02,9.6,0.69,1.69,614.99
13.73,4.37,2.26,22.49,88.0,1.29,0.47,0.52,1.18,6.65,0.76,1.75,520.01
13.45,3.71,2.59,23.0,110.99,1.71,0.92,0.43,1.46,10.67,0.85,1.57,695.0
12.83,3.35,2.3,19.51,88.0,1.48,0.66,0.4,0.98,10.26,0.71,1.76,685.0
13.59,2.56,2.67,24.49,105.0,1.54,0.84,0.4,1.54,8.68,0.73,1.79,750.01
13.39,4.6,2.86,25.01,111.98,1.98,0.96,0.26,1.09,8.52,0.67,1.93,630.01
12.2,3.04,2.31,19.0,96.01,1.26,0.46,0.4,0.73,5.49,0.64,1.81,510.01
12.79,2.37,2.26,19.49,86.01,1.38,0.51,0.47,0.64,9.88,0.56,1.63,470.0
14.16,2.52,2.5,20.0,91.0,1.69,0.69,0.44,1.24,9.69,0.62,1.73,660.0
13.69,5.66,2.45,20.49,95.0,1.67,0.61,0.5,1.05,7.68,0.64,1.73,740.01
13.41,3.9,2.49,23.0,102.01,1.78,0.76,0.43,1.4,7.3,0.71,1.55,750.01
13.26,4.28,2.25,20.01,120.0,1.59,0.68,0.4,1.35,10.19,0.58,1.57,835.01
13.18,2.58,2.36,20.0,120.0,1.64,0.68,0.52,1.45,9.32,0.62,1.62,840.01
14.12,4.09,2.73,24.51,96.01,2.05,0.75,0.55,1.34,9.2,0.59,1.61,560.0
14.23,1.7,2.44,15.57,127.01,2.79,3.07,0.28,2.29,5.63,1.04,3.91,1064.99
13.2,1.81,2.14,11.19,100.0,2.64,2.76,0.26,1.29,4.37,1.05,3.4,1050.01
13.17,2.37,2.67,18.59,101.01,2.79,3.24,0.29,2.8,5.67,1.02,3.18,1185.0
14.37,1.95,2.48,16.81,113.0,3.84,3.51,0.21,2.19,7.77,0.86,3.44,1480.01
13.25,2.58,2.88,20.99,118.01,2.79,2.69,0.38,1.83,4.33,1.04,2.92,734.99
14.2,1.77,2.47,15.2,111.98,3.27,3.39,0.33,1.97,6.76,1.06,2.85,1450.01
14.4,1.85,2.43,14.59,96.01,2.48,2.53,0.3,1.98,5.24,1.01,3.58,1290.01
14.07,2.14,2.63,17.61,121.0,2.61,2.5,0.32,1.25,5.05,1.06,3.59,1295.02
14.82,1.65,2.16,13.99,97.0,2.79,2.97,0.29,1.99,5.2,1.06,2.86,1044.99
13.85,1.34,2.27,16.0,97.99,2.98,3.15,0.22,1.85,7.23,1.0,3.58,1045.02
14.11,2.15,2.29,17.99,105.0,2.95,3.34,0.22,2.38,5.75,1.24,3.17,1509.98
14.14,1.47,2.33,16.81,95.01,2.21,2.43,0.27,1.57,5.0,1.17,2.8,1280.01
13.74,1.72,2.4,16.0,89.02,2.57,2.77,0.28,1.81,5.57,1.14,2.89,1320.0
14.75,1.72,2.38,11.39,91.03,3.1,3.69,0.43,2.79,5.41,1.26,2.73,1149.99
14.37,1.88,2.38,12.0,102.01,3.29,3.66,0.29,2.97,7.5,1.2,3.0,1547.0
13.63,1.81,2.71,17.19,112.03,2.83,2.92,0.32,1.46,7.32,1.27,2.87,1309.99
14.31,1.92,2.74,20.01,119.98,2.79,3.13,0.34,1.98,6.19,1.07,2.65,1280.01
13.83,1.57,2.63,20.0,114.99,2.95,3.4,0.4,1.73,6.59,1.12,2.59,1130.01
14.17,1.59,2.47,16.49,108.01,3.3,3.91,0.33,1.85,8.7,1.21,2.83,1680.0
13.63,3.1,2.58,15.21,115.99,2.7,3.03,0.16,1.66,5.09,0.96,3.35,845.02
14.06,1.65,2.28,15.99,125.99,2.99,3.17,0.24,2.08,5.65,1.09,3.72,779.99
12.92,3.8,2.65,18.58,102.0,2.43,2.4,0.26,1.97,4.48,1.05,3.53,770.01
13.7,1.87,2.35,16.59,101.0,2.61,2.88,0.25,1.68,3.79,1.12,3.98,1035.02
12.84,1.58,2.52,17.8,94.99,2.47,2.37,0.27,1.47,3.91,1.09,3.63,1015.0
13.5,1.81,2.6,20.01,96.01,2.53,2.61,0.29,1.64,3.53,1.11,3.81,845.01
13.05,2.03,3.23,25.02,123.98,2.63,2.68,0.47,1.9,3.58,1.13,3.21,829.99
13.4,1.76,2.63,16.1,93.0,2.85,2.93,0.34,1.45,4.8,0.91,3.22,1195.0
13.31,1.74,2.14,16.99,94.0,2.43,2.2,0.28,1.35,3.95,1.02,2.78,1285.0
13.87,1.92,2.79,19.4,106.98,2.97,2.97,0.37,1.77,4.5,1.24,3.39,914.98
14.02,1.68,2.2,16.01,96.01,2.64,2.33,0.28,1.98,4.69,1.04,3.58,1035.0
13.71,1.52,2.71,22.49,101.0,2.99,3.25,0.31,2.38,5.71,1.2,2.71,1285.01
13.58,1.66,2.35,19.12,106.0,2.85,3.19,0.23,1.96,6.91,1.11,2.88,1515.0
13.69,1.82,2.37,17.2,104.0,2.42,2.68,0.41,1.97,3.85,1.22,2.88,990.0
13.75,1.53,2.69,19.51,132.01,2.95,2.75,0.5,1.35,5.4,1.26,3.01,1235.01
13.51,1.8,2.64,19.0,109.99,2.36,2.53,0.31,1.54,4.22,1.1,2.86,1095.0
13.5,1.81,2.42,20.51,99.99,2.68,2.98,0.26,1.87,5.12,1.05,3.49,920.01
13.3,1.63,2.84,15.49,109.98,2.61,2.68,0.35,1.37,4.59,1.1,2.78,880.0
13.05,1.66,2.56,17.99,98.0,2.46,2.43,0.28,1.46,4.25,1.12,2.51,1105.02
13.06,1.47,2.13,15.51,98.01,2.39,2.63,0.27,1.37,3.7,1.18,2.7,1020.0
14.22,3.98,2.5,13.18,127.99,3.0,3.04,0.19,2.07,5.1,0.88,3.54,760.0
13.55,1.71,2.3,16.19,117.01,3.16,3.29,0.32,2.35,6.14,0.95,3.38,795.0
13.41,3.83,2.12,18.8,90.0,2.44,2.69,0.27,1.47,4.28,0.9,3.01,1035.01
13.88,1.88,2.58,15.02,100.99,3.26,3.56,0.18,1.69,5.42,0.89,3.55,1095.0
13.21,4.0,2.3,17.49,103.01,2.65,2.64,0.33,1.65,4.36,0.83,3.0,679.98
13.04,1.77,2.09,17.01,107.01,2.99,3.01,0.27,2.04,5.04,0.87,3.34,884.99
14.2,4.07,2.46,18.91,111.01,2.84,2.65,0.3,1.26,5.24,0.87,3.35,1080.0
14.38,3.59,2.27,16.0,102.01,3.26,3.17,0.27,2.19,4.9,1.06,3.44,1065.0
13.88,1.69,2.11,16.01,100.99,3.09,3.39,0.21,2.12,6.1,0.91,3.34,985.01
14.1,2.01,2.38,18.78,102.99,2.75,2.92,0.32,2.38,6.2,1.07,2.76,1060.03
13.94,1.72,2.28,17.41,107.98,2.87,3.54,0.32,2.09,8.9,1.14,3.1,1260.0
13.05,1.71,2.04,12.4,92.0,2.72,3.26,0.16,2.9,7.2,1.09,2.91,1149.99
13.82,1.65,2.59,17.22,93.99,2.47,2.98,0.24,2.3,5.6,1.25,3.38,1264.98
13.8,1.77,2.42,13.99,111.0,3.88,3.72,0.3,1.87,7.04,1.03,3.26,1190.0
13.75,1.9,2.66,17.09,114.98,2.99,2.78,0.37,1.67,6.3,1.12,2.94,1375.02
13.75,1.68,2.24,16.39,117.99,2.61,2.88,0.22,1.62,5.85,0.92,3.17,1060.02
13.58,1.74,2.46,20.49,115.99,2.98,2.77,0.19,2.46,6.24,0.99,3.04,1120.01
14.21,1.7,2.3,16.29,117.99,3.21,2.99,0.26,2.05,6.35,0.94,3.31,970.0
13.26,1.97,2.68,16.79,101.98,2.99,3.23,0.3,1.65,6.01,1.09,2.83,1270.0
13.72,1.42,2.49,16.69,107.98,3.4,3.7,0.2,2.06,6.8,0.9,2.87,1284.99
12.39,0.95,1.37,10.6,87.99,1.99,0.56,0.28,0.41,1.95,1.05,1.82,519.99
12.31,1.09,2.28,15.99,101.01,2.06,1.08,0.62,0.41,3.29,1.26,1.66,680.0
12.64,1.36,2.01,16.81,100.01,2.02,1.39,0.53,0.61,5.73,0.98,1.59,449.99
13.67,1.24,1.9,18.0,94.01,2.11,1.78,0.32,0.73,3.81,1.21,2.47,630.0
12.38,1.13,2.15,19.03,87.0,3.5,3.11,0.19,1.89,4.46,1.23,2.86,420.0
12.16,1.47,2.54,19.0,104.02,1.9,1.74,0.44,1.02,2.94,1.45,2.24,355.0
12.37,1.21,2.56,18.1,98.0,2.42,2.65,0.38,2.09,4.6,1.21,2.29,677.99
13.1,1.01,1.68,14.98,78.0,2.97,3.18,0.25,2.28,5.32,1.13,3.18,502.02
12.36,1.18,1.92,19.59,77.99,2.11,2.0,0.28,1.06,4.66,1.11,3.48,509.99
13.34,0.94,2.37,17.0,110.0,2.52,1.29,0.55,0.42,3.16,1.03,1.94,750.0
12.19,1.17,1.73,16.8,151.01,1.85,1.29,0.14,2.5,2.86,1.26,3.07,718.01
12.28,1.61,2.2,20.4,102.99,1.1,1.03,0.37,1.45,3.06,0.9,1.81,870.0
13.88,1.5,2.69,25.01,85.99,2.94,2.87,0.2,1.87,3.39,1.35,3.17,410.01
13.49,1.65,2.25,24.01,87.01,1.88,1.83,0.27,1.04,3.74,0.98,2.77,472.01
12.99,1.66,2.59,30.0,139.01,3.31,2.89,0.22,1.96,3.35,1.29,3.5,985.01
11.96,1.1,2.29,20.98,101.02,3.4,2.15,0.12,1.65,3.21,0.99,3.13,885.98
11.67,1.88,1.93,15.98,97.01,1.62,1.56,0.34,1.14,3.79,1.25,2.15,428.01
13.01,0.9,1.72,16.01,85.99,1.94,2.04,0.24,1.46,4.58,1.18,2.46,392.01
11.86,2.87,2.23,18.0,111.99,1.71,1.32,0.43,0.95,2.65,0.96,2.52,500.0
12.31,1.0,1.95,14.8,136.01,1.89,1.85,0.37,2.76,3.39,1.05,2.32,750.0
12.71,3.85,2.39,23.0,101.0,2.84,2.55,0.45,1.96,2.57,1.19,3.13,463.0
12.01,0.92,2.01,19.0,86.0,2.42,2.25,0.3,1.43,2.51,1.36,3.13,278.01
12.72,1.81,2.19,18.79,85.99,2.18,2.52,0.25,1.76,3.89,1.17,3.14,714.0
12.06,1.13,2.52,23.99,78.0,2.0,1.58,0.39,1.4,2.19,1.32,2.7,630.0
13.05,3.87,2.32,22.5,85.03,1.65,1.58,0.6,1.63,4.79,0.84,2.0,515.01
11.84,0.89,2.56,18.01,93.99,2.2,2.23,0.24,2.35,3.04,0.8,3.08,519.99
12.67,0.98,2.24,17.98,99.02,2.2,1.93,0.32,1.45,2.62,1.24,3.17,450.0
12.15,1.61,2.31,22.79,90.01,1.78,1.7,0.44,1.56,2.45,1.36,2.28,495.01
11.67,1.67,2.63,26.0,87.98,1.93,1.63,0.41,1.35,2.61,1.35,3.21,562.01
11.62,2.06,2.45,21.6,83.98,1.97,1.69,0.48,1.36,2.81,0.98,2.76,679.99
12.08,1.33,2.31,23.61,70.01,2.2,1.59,0.42,1.37,1.72,1.08,3.21,625.01
12.09,1.83,2.32,18.48,80.99,1.59,1.5,0.51,1.64,2.41,1.09,2.27,479.99
11.99,1.5,2.42,22.01,85.99,1.45,1.25,0.51,1.61,3.59,1.04,2.65,449.99
12.67,1.53,2.26,20.69,79.99,1.4,1.47,0.58,1.63,3.06,0.96,2.09,495.03
12.29,2.83,2.22,17.99,88.02,2.44,2.26,0.24,1.97,2.16,1.15,3.31,290.0
11.62,2.0,2.26,17.99,97.99,3.01,2.27,0.18,1.36,3.25,1.17,2.97,344.99
12.48,1.51,2.2,19.0,161.98,2.5,2.27,0.31,3.28,2.61,1.16,2.63,937.0
11.82,2.13,2.73,21.5,134.01,1.59,0.99,0.15,1.56,2.49,0.94,2.25,625.0
12.28,1.4,1.98,16.01,84.99,2.56,2.5,0.29,1.78,2.91,1.24,2.73,427.99
12.35,1.08,2.1,18.5,88.02,3.51,3.75,0.25,1.95,4.5,1.04,2.77,660.02
12.3,3.16,2.21,18.01,88.0,2.85,2.98,0.46,2.8,2.29,1.42,2.83,406.02
12.1,2.09,1.68,17.52,96.99,2.22,2.16,0.25,1.4,3.3,1.27,2.96,710.0
12.61,1.33,1.91,18.5,88.0,1.43,1.36,0.29,1.36,2.47,1.04,2.78,561.99
12.35,2.46,2.46,21.01,97.99,2.56,2.11,0.34,1.31,2.79,0.81,3.37,438.02
11.83,1.7,1.87,19.51,86.01,2.5,1.63,0.37,1.42,2.06,0.94,2.45,415.01
12.51,1.73,2.0,20.49,85.01,2.19,1.9,0.32,1.48,2.93,1.04,3.59,671.99
12.42,2.56,2.26,21.98,90.01,1.67,1.84,0.66,1.44,2.71,0.86,3.3,315.0
12.24,1.71,2.11,19.0,80.0,1.63,2.02,0.37,1.63,3.41,0.97,3.16,509.99
12.71,1.74,2.28,22.49,84.0,1.38,1.75,0.48,1.64,3.3,0.9,2.4,488.0
12.21,1.3,1.94,19.0,92.0,2.37,2.04,0.38,2.08,2.7,0.85,3.04,312.01
11.62,1.35,2.71,20.0,94.01,2.75,2.93,0.29,2.49,2.64,0.97,3.25,680.0
11.45,3.75,1.83,19.51,106.99,3.17,2.58,0.26,3.59,2.89,0.75,2.81,562.03
12.52,2.41,2.17,20.99,88.01,2.56,2.29,0.26,1.22,1.97,0.9,2.77,325.01
11.75,2.67,2.92,20.01,103.0,1.75,2.04,0.59,1.08,3.81,1.23,2.49,607.0
11.4,0.74,2.5,20.99,88.0,2.49,2.0,0.41,1.44,3.08,1.1,2.31,434.02
12.09,1.39,2.51,22.5,84.0,2.56,2.28,0.44,1.04,2.9,0.94,3.18,385.0
11.03,1.5,2.2,21.5,84.98,2.46,2.16,0.52,2.01,1.9,1.71,2.87,407.01
11.81,1.46,1.99,20.8,86.01,2.0,1.62,0.3,1.53,1.95,0.94,3.34,495.01
12.43,1.61,2.19,22.5,108.02,2.01,2.1,0.34,1.59,2.06,1.06,2.96,345.02
12.78,3.44,1.97,15.99,80.02,1.62,1.26,0.43,0.84,3.4,0.7,2.13,371.98
12.02,3.42,1.99,19.01,87.0,2.01,1.63,0.37,1.86,1.27,0.95,3.05,564.0
11.46,2.39,2.43,20.0,96.0,2.9,2.8,0.32,1.84,3.24,0.81,3.4,625.0
11.56,2.05,3.22,28.51,119.02,3.2,5.08,0.47,1.85,6.01,0.94,3.69,464.98
12.43,4.43,2.74,26.5,101.99,2.19,2.14,0.45,1.7,2.08,0.9,3.11,364.99
13.05,5.83,2.12,21.5,85.99,2.63,2.66,0.28,2.02,2.6,0.74,3.13,380.02
11.86,4.3,2.38,21.0,82.01,2.86,3.05,0.2,2.9,2.81,0.77,3.64,380.0
12.08,2.16,2.17,21.0,85.0,2.6,2.66,0.38,1.34,2.76,0.86,3.29,378.02
12.43,1.52,2.3,21.5,85.99,2.73,3.15,0.39,1.78,3.93,0.7,2.83,352.0
11.79,2.12,2.79,28.51,92.0,2.13,2.24,0.57,1.77,3.0,0.98,2.44,466.0
12.35,1.64,2.28,24.5,88.02,2.25,2.46,0.39,1.89,2.12,0.89,2.8,342.03
12.06,4.31,2.37,22.01,80.0,2.11,1.75,0.42,1.36,2.6,0.8,2.57,580.0
12.88,1.35,2.32,18.0,122.0,1.51,1.25,0.21,0.94,4.11,0.76,1.29,629.98
12.87,2.97,2.41,19.98,104.01,1.29,1.21,0.25,0.83,5.39,0.75,1.41,529.99
12.79,2.32,2.4,23.99,97.99,1.15,1.09,0.26,0.84,5.7,0.66,1.36,560.01
12.71,3.55,2.38,21.5,106.0,1.69,1.2,0.16,0.84,5.0,0.79,1.28,599.99
12.51,1.23,2.23,17.5,85.0,2.0,0.57,0.61,1.24,5.45,0.75,1.52,650.0
12.6,2.47,2.21,18.49,93.99,1.64,0.66,0.63,0.94,7.09,0.73,1.57,695.01
12.25,4.71,2.53,21.0,89.02,1.38,0.45,0.54,0.79,3.85,0.75,1.26,720.0
12.53,5.5,2.64,24.99,96.0,1.8,0.6,0.62,1.1,5.0,0.79,1.69,514.99
13.5,3.59,2.18,19.51,87.99,1.64,0.49,0.57,0.88,5.7,0.8,1.82,579.99
12.84,2.97,2.6,24.01,100.99,2.32,0.61,0.53,0.81,4.92,0.89,2.12,589.99
12.93,2.82,2.69,20.99,96.02,1.54,0.49,0.53,0.75,4.59,0.76,2.33,600.01
13.37,2.57,2.34,20.01,89.0,1.4,0.49,0.37,0.65,5.59,0.71,2.48,780.02
13.53,3.18,2.72,23.5,96.99,1.56,0.52,0.5,0.56,4.34,0.89,2.07,519.99
13.63,4.94,2.34,20.0,92.01,2.0,0.79,0.46,1.02,4.41,0.92,2.06,549.99
12.22,3.86,2.21,18.51,112.0,1.39,0.79,0.28,1.15,8.22,0.66,2.02,855.01
13.16,3.57,2.14,20.99,102.01,1.5,0.55,0.42,1.3,4.01,0.6,1.66,829.99
13.87,5.02,2.23,19.99,79.99,0.97,0.34,0.41,0.67,4.91,0.58,1.32,415.0
12.88,4.6,2.47,21.48,86.0,1.71,0.66,0.46,0.87,7.66,0.54,1.86,625.02
13.33,3.24,2.37,21.5,91.99,1.92,0.75,0.44,1.25,8.42,0.55,1.63,650.0
13.07,3.91,2.37,21.5,113.0,1.41,1.39,0.33,1.15,9.42,0.57,1.33,550.01
13.48,3.13,2.64,24.01,123.0,1.4,1.57,0.23,1.24,8.61,0.57,1.31,500.0
12.79,2.67,2.48,22.0,112.0,1.47,1.35,0.23,1.27,10.8,0.47,1.47,480.02
13.11,1.89,2.74,25.5,115.99,2.21,1.29,0.26,1.57,7.12,0.6,1.33,425.01
13.21,3.3,2.29,18.51,97.99,1.79,0.81,0.61,1.86,10.52,0.56,1.51,674.98
12.6,1.29,2.11,20.0,103.01,1.48,0.59,0.54,1.38,7.59,0.58,1.54,639.99
13.19,5.21,2.31,21.98,92.99,1.75,0.63,0.61,1.54,7.88,0.6,1.49,725.0
13.84,4.13,2.38,19.5,89.0,1.81,0.82,0.47,1.58,9.02,0.58,1.63,480.02
12.46,3.04,2.64,27.0,97.0,1.89,0.58,0.63,1.14,7.49,0.67,1.73,879.99
14.34,1.68,2.7,25.01,97.99,2.8,1.3,0.52,2.71,13.0,0.56,1.94,659.97
13.48,1.68,2.62,22.52,89.01,2.6,1.11,0.52,2.27,11.74,0.57,1.77,620.0
12.36,3.83,2.38,21.0,87.99,2.29,0.91,0.49,1.03,7.64,0.58,1.58,520.0
13.7,3.27,2.53,19.99,106.98,1.84,0.56,0.48,0.79,5.88,0.97,1.83,680.01
12.85,3.28,2.57,22.0,106.0,1.64,0.6,0.59,0.95,5.6,0.87,2.11,570.02
12.97,3.45,2.35,18.51,106.0,1.38,0.71,0.42,0.92,5.28,0.68,1.73,675.0
13.78,2.76,2.3,21.99,90.01,1.34,0.69,0.4,1.03,9.59,0.7,1.68,614.99
13.75,4.35,2.27,22.51,88.0,1.28,0.47,0.53,1.15,6.63,0.78,1.75,519.99
13.44,3.71,2.6,23.0,110.99,1.7,0.92,0.42,1.47,10.68,0.85,1.57,694.97
12.82,3.36,2.3,19.49,88.02,1.48,0.66,0.4,0.97,10.26,0.73,1.75,685.01
13.58,2.59,2.69,24.48,105.01,1.53,0.84,0.39,1.54,8.67,0.74,1.8,750.01
13.41,4.58,2.86,25.0,112.0,1.99,0.95,0.28,1.1,8.5,0.67,1.93,630.0
12.19,3.04,2.33,18.99,96.01,1.26,0.51,0.39,0.73,5.51,0.65,1.82,509.99
12.77,2.41,2.28,19.48,85.99,1.4,0.52,0.48,0.65,9.91,0.58,1.63,470.0
14.18,2.51,2.49,19.99,91.01,1.67,0.72,0.44,1.25,9.69,0.62,1.71,660.0
13.71,5.66,2.45,20.5,94.98,1.69,0.6,0.52,1.06,7.71,0.65,1.76,740.02
13.4,3.92,2.47,23.02,102.0,1.79,0.74,0.44,1.42,7.31,0.69,1.57,750.0
13.27,4.29,2.24,20.01,120.0,1.59,0.69,0.43,1.36,10.22,0.59,1.57,835.0
13.18,2.58,2.38,20.01,119.99,1.64,0.68,0.54,1.45,9.3,0.6,1.6,839.99
14.13,4.12,2.76,24.5,96.01,2.04,0.75,0.56,1.35,9.21,0.6,1.61,560.02
14.22,1.71,2.42,15.61,126.99,2.8,3.06,0.26,2.3,5.63,1.02,3.9,1065.01
13.19,1.78,2.14,11.19,100.0,2.64,2.77,0.26,1.28,4.38,1.04,3.41,1050.0
13.17,2.35,2.67,18.61,101.0,2.79,3.24,0.31,2.82,5.68,1.05,3.18,1185.0
14.37,1.95,2.51,16.81,112.99,3.84,3.49,0.24,2.18,7.8,0.86,3.44,1479.99
13.25,2.58,2.88,21.01,118.02,2.8,2.68,0.4,1.83,4.3,1.05,2.91,735.0
14.21,1.78,2.44,15.21,111.99,3.27,3.4,0.35,1.97,6.76,1.04,2.86,1450.01
14.37,1.88,2.45,14.59,96.0,2.51,2.52,0.28,1.96,5.24,1.02,3.6,1290.01
14.07,2.12,2.61,17.6,120.99,2.58,2.5,0.31,1.23,5.06,1.06,3.58,1295.01
14.83,1.64,2.15,14.0,97.01,2.81,2.98,0.31,1.97,5.2,1.09,2.87,1044.98
13.85,1.35,2.26,16.01,98.0,2.97,3.17,0.23,1.85,7.22,1.01,3.53,1044.99
14.11,2.15,2.3,18.0,105.0,2.95,3.33,0.22,2.37,5.75,1.26,3.16,1509.98
14.12,1.48,2.31,16.78,95.0,2.18,2.43,0.26,1.55,5.0,1.18,2.81,1280.0
13.76,1.73,2.39,16.01,89.0,2.6,2.79,0.29,1.81,5.59,1.16,2.9,1320.01
14.75,1.72,2.41,11.41,90.99,3.1,3.67,0.45,2.81,5.4,1.24,2.72,1150.02
14.41,1.86,2.38,11.99,102.0,3.3,3.64,0.3,2.97,7.51,1.18,2.99,1546.99
13.65,1.8,2.7,17.21,111.98,2.84,2.91,0.3,1.46,7.3,1.27,2.89,1309.99
14.3,1.94,2.74,20.01,119.99,2.8,3.14,0.33,1.96,6.19,1.06,2.68,1280.01
13.83,1.57,2.65,20.0,115.01,2.95,3.41,0.4,1.72,6.6,1.13,2.58,1130.0
14.2,1.59,2.46,16.51,108.0,3.29,3.93,0.33,1.86,8.7,1.23,2.81,1680.01
13.64,3.09,2.57,15.22,116.01,2.71,3.03,0.17,1.65,5.1,0.96,3.37,845.02
14.06,1.62,2.26,16.01,126.01,3.01,3.17,0.25,2.1,5.66,1.09,3.7,780.0
12.94,3.8,2.64,18.6,101.99,2.43,2.41,0.26,1.98,4.5,1.02,3.53,769.99
13.71,1.86,2.37,16.59,100.98,2.61,2.89,0.26,1.7,3.79,1.11,4.0,1035.01
12.84,1.61,2.51,17.82,95.0,2.48,2.36,0.28,1.44,3.93,1.08,3.64,1015.0
13.48,1.8,2.61,19.99,96.0,2.52,2.63,0.27,1.65,3.52,1.11,3.81,845.0
13.04,2.05,3.21,24.99,124.0,2.63,2.68,0.47,1.92,3.57,1.13,3.21,830.0
13.38,1.77,2.61,16.09,93.0,2.83,2.92,0.36,1.46,4.8,0.92,3.23,1195.0
13.3,1.74,2.15,16.99,94.02,2.4,2.2,0.29,1.36,3.95,1.0,2.78,1285.0
13.86,1.9,2.79,19.4,107.0,2.96,2.97,0.38,1.77,4.48,1.25,3.38,915.0
14.02,1.67,2.22,15.98,95.99,2.65,2.35,0.28,1.98,4.71,1.01,3.6,1034.99
13.74,1.49,2.69,22.51,100.99,3.0,3.25,0.3,2.38,5.71,1.18,2.71,1285.0
13.59,1.64,2.36,19.11,106.0,2.86,3.19,0.22,1.96,6.89,1.11,2.87,1515.0
13.67,1.83,2.34,17.2,104.01,2.42,2.68,0.42,1.96,3.84,1.25,2.88,990.01
13.76,1.54,2.71,19.5,131.99,2.95,2.73,0.5,1.35,5.41,1.24,3.01,1235.0
13.5,1.8,2.65,19.02,109.99,2.36,2.54,0.3,1.56,4.19,1.08,2.86,1094.98
13.49,1.82,2.4,20.51,100.0,2.69,2.98,0.26,1.85,5.09,1.04,3.48,920.0
13.27,1.64,2.85,15.51,110.0,2.59,2.68,0.33,1.37,4.63,1.1,2.8,879.99
13.06,1.63,2.56,18.01,98.01,2.45,2.43,0.29,1.44,4.25,1.11,2.51,1104.98
13.06,1.53,2.1,15.5,98.01,2.39,2.64,0.27,1.36,3.71,1.18,2.68,1020.0
14.23,3.99,2.54,13.19,128.0,3.0,3.04,0.22,2.09,5.11,0.9,3.52,759.98
13.57,1.7,2.31,16.2,117.01,3.15,3.29,0.34,2.33,6.13,0.93,3.37,795.01
13.4,3.85,2.12,18.8,89.99,2.47,2.68,0.28,1.48,4.27,0.93,3.0,1035.01
13.88,1.9,2.61,15.0,101.02,3.24,3.57,0.17,1.7,5.42,0.87,3.55,1095.01
13.24,3.97,2.29,17.5,103.03,2.65,2.62,0.33,1.66,4.38,0.82,3.01,680.0
13.06,1.77,2.11,17.0,107.0,2.99,2.99,0.27,2.01,5.04,0.87,3.34,885.01
14.22,4.03,2.42,18.9,111.0,2.85,2.66,0.29,1.24,5.25,0.88,3.31,1080.0
14.37,3.58,2.29,15.99,102.01,3.25,3.18,0.27,2.19,4.9,1.05,3.43,1065.01
13.9,1.65,2.11,16.0,101.01,3.11,3.39,0.21,2.13,6.11,0.9,3.33,985.01
14.09,2.0,2.4,18.79,103.0,2.77,2.91,0.3,2.36,6.2,1.07,2.76,1060.0
13.95,1.72,2.27,17.4,108.0,2.88,3.54,0.31,2.09,8.91,1.1,3.1,1260.01
13.03,1.71,2.05,12.42,92.01,2.73,3.25,0.17,2.92,7.2,1.13,2.91,1149.99
13.84,1.66,2.61,17.18,94.01,2.44,2.99,0.22,2.3,5.61,1.24,3.38,1265.0
13.81,1.74,2.42,14.0,111.01,3.89,3.74,0.33,1.87,7.06,1.02,3.27,1190.01
13.77,1.9,2.69,17.08,115.01,3.0,2.79,0.4,1.69,6.31,1.13,2.92,1374.97
13.74,1.66,2.25,16.4,118.0,2.61,2.89,0.22,1.6,5.85,0.92,3.21,1060.0
13.56,1.74,2.46,20.5,116.0,2.96,2.78,0.2,2.43,6.25,1.0,3.02,1120.0
14.23,1.73,2.31,16.29,118.01,3.19,3.01,0.26,2.03,6.37,0.93,3.32,969.99
13.31,1.99,2.68,16.79,102.01,3.0,3.24,0.32,1.65,6.0,1.08,2.84,1270.01
13.72,1.44,2.5,16.7,108.01,3.4,3.67,0.2,2.05,6.79,0.88,2.87,1285.0
12.36,0.94,1.35,10.62,87.99,2.0,0.55,0.28,0.43,1.97,1.05,1.83,520.01
12.33,1.09,2.28,15.99,101.01,2.05,1.07,0.63,0.41,3.27,1.26,1.67,680.01
12.64,1.37,2.02,16.82,99.99,2.02,1.4,0.54,0.59,5.75,1.0,1.58,450.0
13.67,1.25,1.92,18.02,94.0,2.1,1.79,0.32,0.73,3.79,1.25,2.44,630.0
12.38,1.14,2.16,18.99,87.01,3.49,3.1,0.17,1.87,4.45,1.22,2.85,420.0
12.17,1.47,2.52,18.98,104.0,1.89,1.74,0.45,1.03,2.95,1.45,2.23,355.02
12.37,1.21,2.59,18.11,98.0,2.42,2.64,0.37,2.08,4.58,1.2,2.3,677.99
13.11,1.0,1.7,15.0,78.02,2.97,3.17,0.26,2.26,5.3,1.1,3.18,502.01
12.38,1.17,1.93,19.59,78.01,2.13,2.0,0.28,1.04,4.68,1.12,3.49,510.0
13.34,0.93,2.36,17.0,110.0,2.53,1.3,0.53,0.4,3.16,1.03,1.92,749.99
12.2,1.2,1.75,16.79,150.98,1.83,1.28,0.15,2.51,2.85,1.27,3.05,718.02
12.29,1.62,2.2,20.39,102.99,1.11,1.01,0.38,1.46,3.04,0.91,1.82,870.0
13.85,1.49,2.67,25.0,86.0,2.97,2.85,0.2,1.86,3.39,1.35,3.18,409.98
13.5,1.66,2.23,24.01,87.0,1.89,1.85,0.25,1.02,3.75,0.99,2.79,472.01
13.0,1.67,2.6,30.03,138.99,3.3,2.89,0.19,1.96,3.35,1.32,3.5,985.02
11.97,1.09,2.32,21.01,101.01,3.39,2.13,0.14,1.66,3.2,1.01,3.13,885.99
11.67,1.9,1.93,16.0,97.0,1.61,1.59,0.35,1.15,3.8,1.23,2.14,428.0
13.03,0.9,1.71,15.99,86.01,1.96,2.03,0.24,1.46,4.61,1.2,2.48,391.99
11.83,2.89,2.24,18.01,111.98,1.71,1.32,0.43,0.94,2.65,0.97,2.54,499.99
12.35,0.98,1.95,14.79,136.0,1.9,1.86,0.37,2.76,3.39,1.07,2.32,750.02
12.7,3.86,2.4,23.0,100.99,2.83,2.56,0.43,1.95,2.58,1.17,3.13,463.0
12.0,0.91,2.0,19.01,85.98,2.44,2.26,0.29,1.43,2.49,1.37,3.13,278.0
12.73,1.81,2.2,18.8,86.0,2.2,2.52,0.26,1.75,3.9,1.16,3.12,714.01
12.08,1.14,2.53,24.0,78.0,2.0,1.58,0.4,1.4,2.21,1.31,2.71,630.0
13.04,3.87,2.32,22.5,85.01,1.64,1.61,0.61,1.63,4.8,0.84,2.01,515.0
11.81,0.88,2.57,18.0,94.0,2.2,2.21,0.22,2.35,3.06,0.78,3.08,519.99
12.66,0.99,2.25,17.99,98.99,2.2,1.93,0.3,1.48,2.62,1.23,3.18,450.0
12.16,1.62,2.32,22.81,89.99,1.77,1.68,0.44,1.58,2.45,1.34,2.26,494.99
11.65,1.67,2.62,26.02,87.99,1.92,1.62,0.4,1.34,2.59,1.35,3.21,561.99
11.64,2.05,2.46,21.59,83.99,1.96,1.7,0.51,1.35,2.8,1.0,2.75,680.01
12.09,1.34,2.29,23.6,70.02,2.22,1.59,0.44,1.38,1.74,1.09,3.21,625.0
12.06,1.82,2.32,18.51,81.0,1.61,1.5,0.51,1.64,2.39,1.06,2.29,480.0
12.01,1.52,2.4,22.02,85.99,1.45,1.27,0.49,1.63,3.59,1.05,2.62,450.0
12.68,1.52,2.26,20.71,80.01,1.4,1.46,0.58,1.62,3.05,0.95,2.07,494.99
12.31,2.82,2.2,17.99,87.99,2.46,2.24,0.25,1.99,2.14,1.17,3.3,290.0
11.63,2.0,2.28,18.0,98.01,3.01,2.27,0.16,1.34,3.26,1.16,2.97,345.0
12.47,1.51,2.19,18.99,161.99,2.5,2.29,0.34,3.3,2.61,1.14,2.64,937.01
11.82,2.12,2.73,21.48,134.01,1.61,0.98,0.14,1.57,2.5,0.95,2.25,624.99
12.28,1.41,1.99,16.0,85.0,2.54,2.52,0.31,1.77,2.9,1.23,2.74,428.01
12.39,1.07,2.1,18.51,87.99,3.51,3.76,0.23,1.94,4.5,1.06,2.76,660.01
12.29,3.16,2.21,18.0,88.02,2.84,3.0,0.43,2.82,2.3,1.43,2.84,406.02
12.06,2.06,1.69,17.5,97.01,2.23,2.16,0.28,1.39,3.3,1.27,2.97,710.0
12.6,1.34,1.91,18.49,87.99,1.46,1.37,0.31,1.35,2.47,1.06,2.77,562.01
12.33,2.44,2.45,20.97,97.99,2.56,2.12,0.34,1.31,2.8,0.79,3.36,437.99
11.83,1.73,1.89,19.5,86.02,2.52,1.64,0.37,1.42,2.06,0.94,2.44,415.0
12.5,1.74,1.97,20.51,85.01,2.19,1.91,0.34,1.49,2.94,1.04,3.57,671.99
12.42,2.56,2.26,22.0,89.98,1.68,1.84,0.65,1.41,2.71,0.86,3.3,315.0
12.27,1.72,2.14,18.99,80.0,1.66,2.02,0.38,1.64,3.4,1.01,3.16,510.0
12.73,1.74,2.3,22.5,84.0,1.37,1.76,0.49,1.64,3.3,0.87,2.43,488.0
12.21,1.28,1.93,19.01,92.0,2.37,2.06,0.41,2.08,2.69,0.85,3.02,312.0
11.61,1.34,2.68,20.0,94.01,2.72,2.93,0.28,2.49,2.63,0.96,3.26,680.02
11.46,3.74,1.82,19.49,107.01,3.18,2.59,0.25,3.56,2.9,0.74,2.82,561.99
12.52,2.44,2.18,20.99,88.0,2.54,2.27,0.25,1.22,2.02,0.9,2.78,325.0
11.77,2.69,2.94,19.99,103.01,1.73,2.03,0.61,1.03,3.8,1.24,2.5,606.99
11.41,0.75,2.51,21.0,87.99,2.47,2.02,0.42,1.45,3.07,1.11,2.31,434.01
12.08,1.38,2.5,22.5,83.99,2.57,2.3,0.41,1.04,2.89,0.92,3.21,385.02
11.03,1.51,2.19,21.5,85.0,2.44,2.17,0.51,2.02,1.87,1.71,2.86,406.99
11.81,1.48,2.0,20.78,85.99,1.98,1.6,0.28,1.53,1.94,0.96,3.33,495.0
12.41,1.62,2.21,22.51,107.99,2.01,2.1,0.33,1.61,2.06,1.06,2.97,345.01
12.77,3.45,1.97,16.0,80.03,1.64,1.26,0.41,0.84,3.39,0.71,2.12,372.0
12.0,3.44,1.98,18.99,87.0,2.0,1.64,0.38,1.87,1.28,0.93,3.05,564.0
11.43,2.4,2.41,20.02,96.01,2.93,2.78,0.32,1.84,3.27,0.81,3.39,624.99
11.55,2.04,3.22,28.5,118.99,3.18,5.09,0.47,1.87,5.99,0.94,3.68,465.0
12.43,4.44,2.72,26.5,102.01,2.19,2.13,0.44,1.72,2.07,0.9,3.11,365.01
13.05,5.8,2.14,21.51,86.0,2.62,2.63,0.31,2.01,2.61,0.74,3.11,379.99
11.87,4.32,2.39,20.99,81.99,2.84,3.02,0.18,2.9,2.79,0.75,3.64,379.98
12.07,2.15,2.17,21.01,84.99,2.59,2.65,0.36,1.34,2.76,0.85,3.28,377.99
12.42,1.53,2.29,21.5,86.0,2.75,3.15,0.39,1.76,3.94,0.68,2.83,351.99
11.79,2.12,2.75,28.5,91.99,2.13,2.23,0.6,1.76,3.0,0.98,2.44,466.01
12.37,1.62,2.29,24.5,87.99,2.22,2.45,0.41,1.9,2.13,0.91,2.79,342.01
12.05,4.3,2.37,22.02,79.99,2.1,1.75,0.42,1.36,2.58,0.81,2.56,580.01
12.87,1.36,2.3,18.01,122.01,1.51,1.26,0.21,0.95,4.09,0.76,1.29,630.01
12.88,2.97,2.41,19.99,104.01,1.31,1.21,0.22,0.84,5.4,0.73,1.42,530.01
12.82,2.33,2.41,24.0,98.0,1.14,1.06,0.26,0.83,5.71,0.66,1.35,560.01
12.69,3.55,2.35,21.5,105.99,1.72,1.19,0.17,0.83,5.0,0.79,1.31,599.98
12.5,1.25,2.25,17.51,84.99,2.01,0.58,0.61,1.26,5.45,0.73,1.51,650.01
12.59,2.47,2.2,18.49,93.99,1.61,0.66,0.61,0.95,7.1,0.71,1.57,695.0
12.25,4.72,2.56,20.99,88.99,1.38,0.48,0.54,0.77,3.86,0.75,1.27,719.99
12.54,5.52,2.64,25.0,95.99,1.8,0.6,0.62,1.11,4.99,0.82,1.69,515.0
13.47,3.59,2.18,19.51,87.99,1.6,0.47,0.59,0.88,5.69,0.82,1.81,580.01
12.84,2.98,2.61,23.99,101.0,2.35,0.6,0.53,0.81,4.94,0.89,2.16,589.99
12.92,2.82,2.71,21.01,96.0,1.53,0.5,0.54,0.73,4.59,0.77,2.3,600.02
13.38,2.55,2.36,20.02,89.0,1.41,0.5,0.39,0.63,5.6,0.7,2.46,780.01
13.52,3.16,2.71,23.5,96.99,1.55,0.52,0.51,0.53,4.35,0.89,2.05,519.98
13.63,4.95,2.35,20.01,92.01,2.01,0.82,0.46,1.02,4.41,0.91,2.03,550.0
12.26,3.9,2.2,18.49,111.99,1.37,0.78,0.29,1.14,8.21,0.66,2.01,854.97
13.17,3.57,2.14,21.0,101.99,1.49,0.53,0.43,1.31,4.0,0.62,1.69,830.0
13.87,5.03,2.24,20.02,79.99,0.97,0.35,0.41,0.65,4.89,0.57,1.34,415.0
12.88,4.6,2.48,21.51,85.99,1.7,0.66,0.48,0.87,7.64,0.56,1.85,625.0
13.33,3.25,2.38,21.51,92.0,1.95,0.74,0.45,1.26,8.44,0.55,1.61,650.01
13.07,3.9,2.38,21.49,113.0,1.43,1.38,0.34,1.14,9.38,0.58,1.32,550.01
13.49,3.12,2.63,24.01,122.99,1.4,1.58,0.22,1.25,8.62,0.59,1.31,499.98
12.79,2.67,2.49,22.0,111.98,1.47,1.36,0.25,1.26,10.79,0.47,1.47,480.0
13.11,1.91,2.75,25.48,116.0,2.2,1.27,0.26,1.56,7.1,0.63,1.35,425.01
13.23,3.32,2.28,18.49,98.01,1.81,0.84,0.6,1.86,10.53,0.55,1.51,675.01
12.57,1.3,2.1,20.0,102.99,1.47,0.57,0.54,1.39,7.59,0.58,1.53,640.0
13.18,5.18,2.31,22.01,93.01,1.74,0.65,0.62,1.56,7.9,0.6,1.48,725.0
13.85,4.13,2.38,19.49,88.99,1.79,0.82,0.48,1.56,9.02,0.57,1.65,480.0
12.44,3.02,2.64,26.99,97.01,1.9,0.56,0.63,1.13,7.51,0.66,1.74,879.99
14.33,1.67,2.72,25.01,98.0,2.81,1.31,0.51,2.7,13.0,0.56,1.96,660.01
13.49,1.68,2.64,22.5,88.99,2.59,1.12,0.52,2.29,11.74,0.57,1.78,620.0
12.37,3.85,2.38,20.99,88.01,2.31,0.96,0.5,1.04,7.64,0.54,1.59,520.01
13.68,3.27,2.54,20.0,106.99,1.83,0.6,0.49,0.8,5.87,0.95,1.82,680.0
12.87,3.25,2.58,22.0,106.0,1.66,0.62,0.6,0.96,5.59,0.87,2.11,570.0
12.96,3.45,2.34,18.5,106.0,1.4,0.7,0.39,0.93,5.28,0.66,1.75,675.01
13.78,2.76,2.31,21.98,89.99,1.36,0.69,0.42,1.03,9.58,0.7,1.68,615.02
13.74,4.37,2.26,22.5,87.98,1.27,0.45,0.51,1.15,6.61,0.79,1.74,520.0
13.44,3.7,2.61,22.99,111.01,1.7,0.93,0.43,1.48,10.69,0.85,1.55,695.0
12.82,3.35,2.31,19.52,87.99,1.48,0.67,0.39,0.97,10.26,0.72,1.75,685.01
13.58,2.58,2.7,24.49,105.0,1.54,0.84,0.39,1.54,8.67,0.76,1.8,750.01
13.41,4.61,2.85,25.01,111.99,1.97,0.96,0.27,1.09,8.49,0.66,1.92,630.01
12.19,3.04,2.31,18.98,95.98,1.26,0.49,0.4,0.72,5.48,0.66,1.84,510.01
12.76,2.39,2.3,19.49,86.02,1.4,0.53,0.47,0.63,9.89,0.58,1.63,469.99
14.16,2.52,2.48,19.99,90.99,1.69,0.7,0.45,1.24,9.71,0.62,1.72,660.0
13.71,5.65,2.44,20.51,95.0,1.68,0.63,0.52,1.05,7.7,0.63,1.74,740.0
13.4,3.92,2.47,23.01,102.01,1.79,0.76,0.43,1.42,7.3,0.7,1.56,750.01
13.26,4.27,2.26,20.0,120.0,1.58,0.71,0.43,1.35,10.2,0.6,1.56,835.0
13.16,2.6,2.37,20.01,120.0,1.66,0.7,0.54,1.44,9.3,0.59,1.61,840.0
14.14,4.09,2.74,24.49,96.0,2.05,0.76,0.57,1.36,9.2,0.61,1.62,560.0
14.23,1.72,2.43,15.59,127.01,2.78,3.08,0.28,2.3,5.62,1.02,3.9,1064.99
13.2,1.78,2.14,11.21,99.99,2.64,2.77,0.26,1.27,4.39,1.04,3.4,1049.98
13.16,2.36,2.66,18.59,100.99,2.8,3.23,0.3,2.8,5.68,1.03,3.19,1184.98
14.39,1.95,2.51,16.78,113.0,3.87,3.5,0.22,2.18,7.8,0.86,3.44,1480.01
13.25,2.59,2.87,20.99,117.99,2.79,2.69,0.39,1.82,4.32,1.03,2.94,735.0
14.22,1.75,2.44,15.2,111.99,3.27,3.39,0.34,1.95,6.75,1.06,2.86,1450.0
14.4,1.88,2.45,14.6,96.0,2.51,2.54,0.31,1.98,5.27,1.02,3.59,1290.01
14.04,2.15,2.61,17.59,120.99,2.59,2.52,0.31,1.25,5.05,1.05,3.59,1295.01
14.84,1.64,2.16,14.0,97.01,2.81,2.98,0.3,1.98,5.2,1.08,2.86,1045.0
13.86,1.35,2.27,15.98,98.01,2.98,3.15,0.21,1.86,7.22,1.01,3.56,1045.0
14.09,2.16,2.3,18.01,105.0,2.95,3.33,0.21,2.37,5.76,1.25,3.17,1509.98
14.11,1.49,2.33,16.81,94.99,2.2,2.43,0.25,1.57,4.99,1.18,2.81,1280.0
13.74,1.73,2.4,15.99,88.99,2.59,2.77,0.29,1.81,5.58,1.16,2.9,1320.01
14.73,1.74,2.39,11.39,90.99,3.08,3.7,0.43,2.81,5.41,1.27,2.73,1149.99
14.4,1.87,2.37,12.0,102.01,3.31,3.64,0.3,2.96,7.5,1.19,3.0,1547.0
13.64,1.79,2.69,17.2,112.0,2.86,2.91,0.29,1.46,7.3,1.28,2.9,1310.02
14.29,1.91,2.74,20.01,120.01,2.79,3.17,0.35,1.96,6.19,1.09,2.65,1280.02
13.84,1.57,2.6,20.0,115.0,2.94,3.4,0.39,1.7,6.62,1.12,2.55,1130.02
14.19,1.59,2.47,16.51,108.01,3.3,3.92,0.31,1.83,8.7,1.21,2.83,1680.0
13.64,3.1,2.56,15.22,116.0,2.7,3.02,0.16,1.66,5.1,0.98,3.36,845.0
14.07,1.62,2.27,16.01,125.99,2.99,3.17,0.23,2.1,5.67,1.08,3.7,779.98
12.93,3.79,2.64,18.6,102.02,2.41,2.41,0.27,1.97,4.49,1.05,3.52,769.99
13.71,1.84,2.38,16.6,101.01,2.63,2.88,0.25,1.68,3.81,1.13,3.99,1034.98
12.86,1.61,2.5,17.81,95.0,2.48,2.36,0.26,1.45,3.93,1.06,3.65,1015.0
13.5,1.81,2.61,19.99,96.01,2.53,2.61,0.26,1.66,3.52,1.12,3.81,845.0
13.04,2.05,3.22,25.0,124.0,2.63,2.69,0.47,1.91,3.59,1.13,3.18,830.01
13.39,1.76,2.62,16.1,93.0,2.83,2.93,0.33,1.45,4.8,0.92,3.22,1194.98
13.29,1.73,2.14,17.01,93.99,2.41,2.2,0.27,1.36,3.96,1.04,2.77,1285.02
13.87,1.9,2.8,19.4,107.0,2.95,2.98,0.36,1.76,4.5,1.24,3.41,915.01
14.02,1.67,2.2,15.99,96.01,2.65,2.31,0.27,1.98,4.7,1.04,3.6,1035.01
13.71,1.5,2.72,22.49,101.0,3.01,3.24,0.3,2.37,5.69,1.18,2.7,1285.0
13.59,1.66,2.34,19.11,106.01,2.86,3.21,0.21,1.96,6.89,1.08,2.88,1515.01
13.68,1.82,2.36,17.22,103.99,2.42,2.68,0.42,1.99,3.84,1.23,2.87,990.0
13.77,1.53,2.7,19.46,132.01,2.93,2.72,0.49,1.37,5.4,1.24,3.0,1235.0
13.5,1.8,2.66,18.99,110.01,2.35,2.55,0.29,1.54,4.21,1.09,2.85,1095.01
13.48,1.81,2.42,20.49,99.99,2.71,2.99,0.25,1.85,5.11,1.04,3.49,920.01
13.27,1.65,2.82,15.51,110.01,2.6,2.7,0.35,1.36,4.6,1.11,2.81,880.0
13.05,1.65,2.54,17.99,97.99,2.44,2.42,0.27,1.45,4.26,1.13,2.52,1104.99
13.08,1.48,2.11,15.51,98.0,2.39,2.64,0.3,1.37,3.69,1.17,2.69,1019.99
14.22,3.99,2.5,13.19,128.0,3.0,3.04,0.23,2.08,5.11,0.89,3.52,760.0
13.57,1.7,2.33,16.2,116.98,3.14,3.29,0.35,2.34,6.12,0.95,3.39,795.0
13.41,3.84,2.12,18.79,89.99,2.45,2.67,0.26,1.46,4.29,0.91,3.0,1034.99
13.87,1.9,2.59,15.0,101.0,3.25,3.56,0.16,1.68,5.42,0.88,3.56,1095.01
13.24,3.99,2.3,17.5,103.01,2.63,2.63,0.34,1.67,4.36,0.82,3.0,679.99
13.05,1.75,2.09,17.01,106.99,3.0,2.99,0.28,2.03,5.03,0.89,3.35,885.0
14.2,4.03,2.44,18.88,110.99,2.84,2.66,0.29,1.25,5.23,0.86,3.34,1079.99
14.42,3.59,2.28,16.01,101.99,3.24,3.16,0.28,2.2,4.9,1.03,3.44,1064.99
13.91,1.69,2.1,16.02,100.99,3.11,3.37,0.2,2.12,6.1,0.92,3.31,985.0
14.09,2.02,2.42,18.8,103.0,2.76,2.93,0.32,2.37,6.21,1.07,2.75,1059.98
13.95,1.73,2.26,17.41,108.01,2.88,3.55,0.32,2.08,8.89,1.13,3.1,1260.01
13.05,1.73,2.05,12.39,92.0,2.7,3.27,0.18,2.92,7.19,1.12,2.92,1150.0
13.84,1.64,2.59,17.22,94.01,2.46,2.97,0.24,2.28,5.6,1.24,3.36,1264.99
13.82,1.74,2.41,14.0,111.01,3.89,3.72,0.32,1.87,7.04,1.03,3.24,1189.99
13.76,1.89,2.68,17.09,115.01,2.99,2.78,0.39,1.67,6.31,1.14,2.94,1375.0
13.75,1.67,2.25,16.4,118.0,2.61,2.9,0.21,1.61,5.85,0.93,3.2,1060.02
13.57,1.72,2.45,20.5,116.0,2.96,2.79,0.19,2.44,6.25,0.99,3.02,1120.0
14.23,1.69,2.31,16.3,118.01,3.2,2.98,0.27,2.03,6.37,0.96,3.33,970.02
13.3,1.98,2.67,16.8,101.99,3.0,3.24,0.31,1.67,5.99,1.07,2.84,1269.99
13.74,1.42,2.5,16.72,108.0,3.42,3.68,0.2,2.06,6.8,0.88,2.86,1285.01
12.38,0.93,1.37,10.6,87.98,1.99,0.58,0.28,0.39,1.94,1.07,1.81,520.01
12.34,1.08,2.26,16.01,100.99,2.05,1.08,0.64,0.39,3.28,1.26,1.68,680.0
12.65,1.36,2.02,16.81,99.99,2.03,1.4,0.53,0.62,5.75,0.96,1.59,449.98
13.68,1.26,1.92,18.0,94.01,2.09,1.79,0.32,0.72,3.8,1.23,2.45,630.03
12.38,1.13,2.17,18.99,86.99,3.5,3.11,0.19,1.87,4.44,1.21,2.86,420.01
12.18,1.44,2.54,18.99,104.01,1.9,1.76,0.46,1.02,2.96,1.45,2.22,355.0
12.37,1.23,2.57,18.1,98.0,2.41,2.63,0.37,2.07,4.6,1.21,2.28,678.0
13.11,1.01,1.69,15.0,78.0,3.0,3.19,0.27,2.28,5.29,1.11,3.17,502.0
12.37,1.18,1.92,19.61,78.0,2.12,2.0,0.27,1.04,4.68,1.1,3.49,510.0
13.35,0.94,2.36,17.01,109.99,2.52,1.31,0.57,0.44,3.16,1.02,1.93,749.98
12.19,1.2,1.76,16.81,150.99,1.87,1.29,0.14,2.49,2.85,1.28,3.06,717.99
12.3,1.61,2.21,20.4,103.0,1.11,1.0,0.36,1.47,3.05,0.91,1.82,870.0
13.86,1.5,2.67,25.0,85.99,2.96,2.86,0.22,1.87,3.38,1.35,3.18,410.0
13.49,1.65,2.23,23.99,86.99,1.9,1.82,0.27,1.02,3.74,0.99,2.78,471.99
12.99,1.67,2.61,30.0,139.0,3.31,2.88,0.2,1.98,3.35,1.31,3.51,985.0
11.95,1.09,2.31,21.0,100.99,3.38,2.13,0.13,1.65,3.2,0.99,3.12,886.0
11.65,1.87,1.9,15.99,97.0,1.6,1.56,0.34,1.18,3.8,1.24,2.14,428.0
13.03,0.91,1.71,16.01,85.99,1.96,2.03,0.25,1.46,4.6,1.18,2.48,392.01
11.83,2.89,2.22,17.99,112.02,1.71,1.32,0.42,0.95,2.63,0.97,2.52,500.02
12.31,0.98,1.97,14.78,135.98,1.9,1.85,0.36,2.76,3.41,1.07,2.32,750.0
12.7,3.87,2.39,22.99,100.98,2.82,2.54,0.43,1.95,2.57,1.2,3.13,463.0
12.01,0.93,2.0,18.98,86.01,2.44,2.25,0.28,1.42,2.5,1.37,3.12,277.99
12.73,1.82,2.2,18.81,86.0,2.2,2.53,0.27,1.75,3.9,1.15,3.13,713.98
12.09,1.11,2.5,24.0,77.99,2.01,1.56,0.4,1.4,2.2,1.3,2.73,630.01
13.04,3.86,2.31,22.52,85.01,1.64,1.6,0.6,1.61,4.81,0.84,2.01,514.99
11.83,0.89,2.59,18.0,94.0,2.2,2.21,0.22,2.34,3.06,0.8,3.08,520.0
12.65,0.97,2.24,18.0,99.0,2.19,1.92,0.3,1.46,2.63,1.2,3.15,450.01
12.16,1.59,2.3,22.79,90.0,1.77,1.71,0.44,1.58,2.44,1.33,2.25,495.0
11.66,1.67,2.62,26.01,87.99,1.91,1.61,0.4,1.35,2.61,1.35,3.2,562.01
11.63,2.06,2.46,21.6,84.0,1.95,1.68,0.47,1.36,2.81,1.02,2.74,680.0
12.08,1.33,2.31,23.6,70.01,2.21,1.57,0.42,1.39,1.74,1.06,3.22,625.03
12.08,1.83,2.33,18.49,80.99,1.6,1.5,0.54,1.64,2.4,1.09,2.27,479.99
12.0,1.51,2.39,22.01,86.0,1.44,1.23,0.5,1.62,3.59,1.07,2.65,450.0
12.69,1.52,2.25,20.71,80.0,1.38,1.48,0.59,1.62,3.03,0.95,2.08,495.01
12.29,2.84,2.22,17.99,88.0,2.45,2.24,0.25,1.99,2.14,1.16,3.31,289.99
11.62,1.99,2.28,18.01,98.01,3.02,2.27,0.17,1.37,3.24,1.18,2.95,345.0
12.48,1.52,2.2,19.0,162.01,2.5,2.27,0.32,3.28,2.6,1.15,2.65,937.01
11.82,2.13,2.73,21.5,134.0,1.59,0.99,0.13,1.58,2.5,0.93,2.26,625.01
12.29,1.4,1.97,15.99,84.99,2.54,2.5,0.28,1.78,2.9,1.21,2.73,428.0
12.37,1.06,2.1,18.5,88.01,3.53,3.76,0.24,1.95,4.5,1.03,2.77,659.99
12.29,3.16,2.21,18.0,88.0,2.85,2.98,0.46,2.79,2.3,1.42,2.82,406.0
12.09,2.08,1.7,17.5,97.0,2.24,2.16,0.26,1.41,3.31,1.26,2.96,710.02
12.6,1.33,1.91,18.5,87.98,1.44,1.35,0.3,1.35,2.44,1.03,2.77,561.99
12.34,2.46,2.44,21.0,98.0,2.55,2.11,0.34,1.32,2.8,0.8,3.37,438.02
11.81,1.72,1.88,19.49,86.0,2.5,1.64,0.36,1.42,2.05,0.92,2.45,414.99
12.52,1.71,1.99,20.49,85.01,2.22,1.92,0.32,1.48,2.95,1.04,3.56,672.01
12.42,2.55,2.27,22.0,89.99,1.68,1.84,0.65,1.43,2.7,0.85,3.29,315.01
12.24,1.75,2.11,19.0,80.0,1.65,2.04,0.36,1.63,3.39,1.0,3.17,510.01
12.71,1.74,2.28,22.5,84.0,1.38,1.76,0.47,1.63,3.3,0.87,2.42,488.0
12.21,1.29,1.94,19.0,92.0,2.35,2.03,0.4,2.08,2.7,0.86,3.03,311.98
11.6,1.36,2.71,19.99,93.99,2.73,2.9,0.29,2.5,2.66,0.95,3.26,680.0
